tcgplayer_id,directLow,market,low,mid
218575 (Foil),6.59,6.51,5.75,8.92
218575 (Nonfoil),6.95,5.16,2.99,7.35
2463 (Nonfoil),,7.19,6.45,8.47
2463 (Foil),,,,
58370 (Nonfoil),3.86,3.32,2.49,4.5
58370 (Foil),,9.78,8.49,11.75
179473 (Nonfoil),31.95,31.85,29.2,36.71
179473 (Foil),42.59,46.46,37.49,43.62
128275 (Nonfoil),32.96,29.7,25.0,39.79
128275 (Foil),44.07,46.4,43.99,48.81
15415 (Nonfoil),16.59,29.63,19.99,28.05
15415 (Foil),,53.16,41.99,56.47
222004 (Nonfoil),16.0,13.65,9.0,16.11
222004 (Foil),17.99,15.77,13.0,24.84
188636 (Foil),8.89,10.0,8.0,9.99
188636 (Nonfoil),2.76,2.62,1.0,3.15
182838 (Nonfoil),14.27,13.59,10.75,14.59
182838 (Foil),,20.35,16.97,19.9
92830 (Nonfoil),22.0,23.04,17.99,25.64
92830 (Foil),34.49,36.59,32.99,37.81
122642 (Nonfoil),2.53,2.83,1.93,4.16
122642 (Foil),11.47,13.03,9.5,13.08
60130 (Nonfoil),,,,
60130 (Foil),19.84,24.63,19.0,25.99
122643 (Nonfoil),2.57,2.81,1.99,4.48
122643 (Foil),9.25,10.5,7.47,9.98
166660 (Foil),22.61,22.57,16.0,24.04
166660 (Nonfoil),11.02,10.44,8.63,11.02
67319 (Nonfoil),18.49,16.11,13.99,19.19
67319 (Foil),,32.95,25.0,31.5
9627 (Nonfoil),,64.14,57.21,66.5
9627 (Foil),,143.37,138.0,140.39
219102 (Foil),5.67,5.41,3.99,5.88
219102 (Nonfoil),3.44,3.49,2.99,4.82
199390 (Nonfoil),1.81,1.66,0.3,2.17
199390 (Foil),,2.01,1.3,2.87
199391 (Nonfoil),6.99,5.75,3.27,6.01
199391 (Foil),17.99,16.35,14.4,17.51
199286 (Nonfoil),0.3,0.29,0.2,0.61
199286 (Foil),0.5,1.17,0.4,1.49
199287 (Nonfoil),4.43,4.35,2.65,4.21
199287 (Foil),,10.45,5.99,10.04
199288 (Nonfoil),2.9,2.65,1.78,3.1
199288 (Foil),3.76,3.97,3.0,4.19
199289 (Nonfoil),9.99,9.88,7.12,9.66
199289 (Foil),,29.99,24.2,32.2
199388 (Foil),4.89,4.75,3.0,4.95
199388 (Nonfoil),2.75,2.6,1.5,3.14
199284 (Nonfoil),0.55,0.57,0.25,0.99
199284 (Foil),2.18,2.21,1.45,2.36
199285 (Foil),25.34,26.52,24.0,29.0
199285 (Nonfoil),7.25,6.75,4.98,7.88
222006 (Foil),75.0,88.06,74.22,95.74
222006 (Nonfoil),,52.45,48.99,63.89
179484 (Nonfoil),3.72,3.72,2.8,4.99
179484 (Foil),7.87,8.13,5.59,8.69
2077 (Nonfoil),12.81,16.66,11.99,15.26
2077 (Foil),,,,
52176 (Nonfoil),6.74,4.84,3.09,5.1
52176 (Foil),,12.32,8.5,10.64
226959 (Foil),3.16,2.74,2.0,5.98
226959 (Nonfoil),,2.33,1.68,3.26
122646 (Nonfoil),2.28,2.15,1.23,3.0
122646 (Foil),4.96,4.93,4.0,5.5
221991 (Foil),7.73,7.86,5.49,10.5
221991 (Nonfoil),5.98,4.0,3.24,6.0
218435 (Nonfoil),13.96,12.67,10.99,14.0
218435 (Foil),17.99,15.71,14.0,18.03
221993 (Nonfoil),9.35,7.89,6.0,9.09
221993 (Foil),9.61,9.45,8.2,12.34
9595 (Nonfoil),,19.39,16.26,19.99
9595 (Foil),,142.33,167.98,173.99
142035 (Nonfoil),3.3,2.73,1.88,3.09
142035 (Foil),,4.65,2.97,4.66
59830 (Nonfoil),6.26,5.24,4.45,5.7
59830 (Foil),9.0,8.4,6.25,9.33
6515 (Nonfoil),,10.94,8.0,10.76
6515 (Foil),,52.16,30.0,39.96
11985 (Nonfoil),5.21,8.25,5.5,8.18
11985 (Foil),31.99,28.48,25.0,28.94
222388 (Foil),,,,
222388 (Nonfoil),,6.7,5.01,7.53
94456 (Nonfoil),9.5,9.59,7.75,9.0
94456 (Foil),,,,
98497 (Nonfoil),8.99,9.42,7.99,10.23
98497 (Foil),12.5,11.86,9.0,11.7
215655 (Foil),22.99,24.11,17.5,24.99
215655 (Nonfoil),11.49,10.13,8.16,11.56
219105 (Foil),5.25,4.82,3.74,6.11
219105 (Nonfoil),5.0,4.16,3.0,4.73
129682 (Foil),5.5,5.77,2.65,5.52
129682 (Nonfoil),2.94,3.03,1.58,3.15
192562 (Nonfoil),15.56,13.9,13.0,17.49
192562 (Foil),28.03,28.04,27.24,30.0
190806 (Nonfoil),8.01,7.33,5.75,9.0
190806 (Foil),,31.35,30.0,34.91
218590 (Nonfoil),3.0,2.9,2.0,4.68
218590 (Foil),5.15,4.94,4.0,5.99
219104 (Nonfoil),4.98,3.86,3.09,5.05
219104 (Foil),6.59,6.56,5.2,7.5
92828 (Nonfoil),18.45,18.35,15.0,20.49
92828 (Foil),40.93,34.18,31.25,36.07
124512 (Nonfoil),21.49,19.16,15.99,19.0
124512 (Foil),,,,
14244 (Nonfoil),43.98,41.87,34.99,43.99
14244 (Foil),,109.5,95.72,133.86
15506 (Nonfoil),4.55,4.85,2.99,4.99
15506 (Foil),25.27,29.36,25.27,39.09
142037 (Nonfoil),4.99,4.22,3.0,4.85
142037 (Foil),8.34,9.04,7.25,9.0
182836 (Nonfoil),7.16,6.2,4.87,7.99
182836 (Foil),,15.15,15.0,17.9
221994 (Nonfoil),6.0,4.8,3.79,7.0
221994 (Foil),9.68,10.53,8.7,12.99
191349 (Nonfoil),3.8,4.04,2.93,5.0
191349 (Foil),18.05,19.25,17.0,19.62
12009 (Nonfoil),18.35,19.44,14.0,19.09
12009 (Foil),,42.41,43.71,44.99
182831 (Nonfoil),6.41,5.77,4.0,7.47
182831 (Foil),,21.9,19.25,22.75
52177 (Nonfoil),7.07,6.26,5.0,6.6
52177 (Foil),9.95,11.9,9.93,10.95
72144 (Nonfoil),,11.98,8.99,11.99
72144 (Foil),,,,
221995 (Foil),24.03,24.78,21.0,28.35
221995 (Nonfoil),22.98,18.84,17.26,20.52
212689 (Foil),4.83,4.98,3.89,5.53
212689 (Nonfoil),4.8,4.84,3.0,5.0
212690 (Foil),20.0,21.14,18.5,22.66
212690 (Nonfoil),5.78,5.81,3.99,6.71
39095 (Nonfoil),10.93,13.6,10.0,14.26
39095 (Foil),,30.94,27.6,32.29
122658 (Nonfoil),1.41,2.21,1.05,3.0
122658 (Foil),6.79,7.79,5.0,8.11
122600 (Foil),,13.32,12.59,13.43
122600 (Nonfoil),5.0,5.38,3.45,5.59
162121 (Foil),6.67,6.77,6.07,7.13
162121 (Nonfoil),4.06,3.53,2.7,4.72
118436 (Foil),,18.96,17.98,23.0
118436 (Nonfoil),22.0,19.27,17.85,22.15
187193 (Foil),3.63,3.58,2.37,3.64
187193 (Nonfoil),2.19,2.14,1.04,2.25
214206 (Foil),,7.13,7.1,7.95
214206 (Nonfoil),,,,
212698 (Foil),39.97,31.12,25.0,32.29
212698 (Nonfoil),8.1,8.3,4.5,9.02
7168 (Nonfoil),5.34,9.07,6.25,8.77
7168 (Foil),,28.58,23.01,29.99
4183 (Nonfoil),59.51,67.7,48.0,67.19
4183 (Foil),,,,
192640 (Nonfoil),2.9,4.34,2.0,4.75
192640 (Foil),,8.17,5.8,9.21
6060 (Nonfoil),14.23,33.76,24.99,30.8
6060 (Foil),,,,
166661 (Foil),27.03,28.96,24.49,32.82
166661 (Nonfoil),15.99,13.05,9.0,13.88
82224 (Nonfoil),16.35,17.73,13.5,18.94
82224 (Foil),29.75,38.17,28.77,34.95
221811 (Nonfoil),39.89,30.99,30.99,38.0
221811 (Foil),49.96,44.45,35.0,50.51
218874 (Foil),9.25,8.96,7.98,10.0
218874 (Nonfoil),7.99,7.38,5.0,7.99
12093 (Nonfoil),,14.43,8.0,15.99
12093 (Foil),,51.73,36.5,67.75
12490 (Nonfoil),,11.7,8.0,11.69
12490 (Foil),37.04,36.56,37.04,40.97
128281 (Foil),101.95,115.67,101.95,108.16
128281 (Nonfoil),74.47,64.15,56.99,70.71
221816 (Foil),26.95,25.0,22.48,30.0
221816 (Nonfoil),19.79,17.87,14.0,19.79
155854 (Nonfoil),,,,
155854 (Foil),8.0,7.08,6.25,10.99
190787 (Nonfoil),6.34,6.0,4.94,8.0
190787 (Foil),35.0,35.97,29.99,38.0
71039 (Nonfoil),16.29,17.35,13.95,19.6
71039 (Foil),34.96,44.62,34.2,42.0
12500 (Nonfoil),55.0,50.15,42.99,49.0
12500 (Foil),,134.75,109.99,109.99
175196 (Nonfoil),7.38,7.21,5.5,9.83
175196 (Foil),16.32,17.78,15.35,17.31
9598 (Nonfoil),5.99,6.8,4.71,6.75
9598 (Foil),49.66,57.77,40.0,50.99
180789 (Foil),40.49,37.66,40.0,41.59
180789 (Nonfoil),15.49,13.38,12.5,15.5
13911 (Nonfoil),7.9,14.03,6.4,13.99
13911 (Foil),,51.0,30.7,48.65
92829 (Nonfoil),25.48,25.68,20.41,27.08
92829 (Foil),42.52,45.51,39.96,46.89
144856 (Foil),,12.18,5.94,9.79
144856 (Nonfoil),6.48,8.19,4.65,7.87
18037 (Nonfoil),7.74,9.72,7.0,9.86
18037 (Foil),,30.08,35.21,46.74
190748 (Foil),75.55,88.53,73.0,85.0
190748 (Nonfoil),22.74,22.57,17.98,25.9
212695 (Nonfoil),6.55,5.35,3.8,6.23
212695 (Foil),6.7,6.55,4.5,7.13
212696 (Nonfoil),7.95,6.81,6.01,7.99
212696 (Foil),24.33,25.09,17.7,26.04
36402 (Nonfoil),4.23,4.93,2.18,6.06
36402 (Foil),13.56,17.72,13.04,16.96
83296 (Nonfoil),19.47,20.26,15.75,20.21
83296 (Foil),,33.61,26.36,33.61
216053 (Nonfoil),4.03,4.97,3.24,5.48
216053 (Foil),,,,
161448 (Nonfoil),11.95,10.62,8.22,11.7
161448 (Foil),,14.22,10.11,22.04
142038 (Nonfoil),3.66,3.18,2.25,3.76
142038 (Foil),,5.08,3.99,5.31
219101 (Foil),4.96,4.05,3.7,5.37
219101 (Nonfoil),3.71,3.57,1.81,3.79
175200 (Foil),,16.75,14.56,17.58
175200 (Nonfoil),12.59,11.27,9.9,12.0
212693 (Nonfoil),5.15,4.27,2.5,4.99
212693 (Foil),5.93,4.94,3.75,5.99
212694 (Nonfoil),6.98,5.34,3.99,6.8
212694 (Foil),20.99,21.2,17.5,23.25
128282 (Foil),94.58,104.4,94.0,100.57
128282 (Nonfoil),55.39,56.92,49.99,64.89
6095 (Nonfoil),20.61,35.35,21.86,34.95
6095 (Foil),,,,
14108 (Nonfoil),,15.18,11.25,15.29
14108 (Foil),,60.0,42.99,48.28
166663 (Foil),31.17,38.0,25.0,38.95
166663 (Nonfoil),13.99,11.3,10.24,12.95
221998 (Foil),10.59,10.59,8.99,12.79
221998 (Nonfoil),6.99,5.78,4.25,7.78
222402 (Nonfoil),,6.66,5.18,6.88
222402 (Foil),,,,
190796 (Foil),24.89,24.15,20.72,25.41
190796 (Nonfoil),4.69,4.73,3.49,5.8
91041 (Nonfoil),9.4,9.27,5.0,10.75
91041 (Foil),15.0,18.72,14.68,17.95
166659 (Nonfoil),10.99,8.84,7.0,9.99
166659 (Foil),24.92,22.49,19.19,25.08
122672 (Foil),12.99,12.8,8.96,13.25
122672 (Nonfoil),4.39,4.56,2.25,6.95
175202 (Foil),19.99,20.05,17.6,20.05
175202 (Nonfoil),7.5,7.35,6.0,9.21
182841 (Foil),15.59,16.53,15.19,18.7
182841 (Nonfoil),7.49,6.38,4.98,8.0
162122 (Nonfoil),2.99,2.85,1.49,3.62
162122 (Foil),,6.06,3.71,6.78
190784 (Nonfoil),8.56,7.54,6.8,9.66
190784 (Foil),32.16,34.64,31.55,35.96
218593 (Foil),9.25,8.95,7.8,10.05
218593 (Nonfoil),8.18,7.16,6.0,8.0
9604 (Nonfoil),17.95,24.15,16.51,23.49
9604 (Foil),,109.7,98.97,119.49
66421 (Nonfoil),9.31,8.13,7.0,9.79
66421 (Foil),14.68,16.05,12.99,15.99
71170 (Nonfoil),0.97,0.9,0.25,1.0
71170 (Foil),1.5,1.6,0.68,2.0
206641 (Nonfoil),,3.05,1.5,3.5
206641 (Foil),,7.56,6.5,8.46
71171 (Nonfoil),1.99,1.71,0.74,2.09
71171 (Foil),,4.47,1.7,4.47
206640 (Foil),,11.19,10.5,12.93
206640 (Nonfoil),5.99,4.9,3.1,4.92
206634 (Foil),1.24,1.15,0.49,1.62
206634 (Nonfoil),0.72,0.72,0.16,1.0
206639 (Nonfoil),3.98,3.31,2.0,3.86
206639 (Foil),,11.87,9.99,12.89
215595 (Foil),,3.11,2.39,3.6
215595 (Nonfoil),,1.65,1.0,2.01
215596 (Foil),2.53,2.53,2.0,3.46
215596 (Nonfoil),2.48,2.08,0.75,2.02
78660 (Nonfoil),1.22,1.17,0.34,1.89
78660 (Foil),2.55,5.11,1.0,4.61
206638 (Nonfoil),4.96,3.5,2.0,2.99
206638 (Foil),,7.33,5.45,8.06
215597 (Nonfoil),,1.82,1.0,2.03
215597 (Foil),2.59,2.56,1.45,3.0
206636 (Nonfoil),1.11,0.97,0.2,1.09
206636 (Foil),,1.11,0.5,1.3
206637 (Foil),,9.51,7.25,10.0
206637 (Nonfoil),3.1,3.16,2.18,3.28
215599 (Nonfoil),1.91,1.84,0.78,1.9
215599 (Foil),2.01,1.98,1.3,2.48
121180 (Foil),4.83,6.32,3.99,7.46
121180 (Nonfoil),,,,
7073 (Nonfoil),66.18,116.76,86.72,104.0
7073 (Foil),,,,
219103 (Nonfoil),3.5,3.49,2.75,4.49
219103 (Foil),6.0,5.08,4.01,6.99
5951 (Nonfoil),10.0,32.52,17.5,24.2
5951 (Foil),,,,
91106 (Nonfoil),22.8,24.74,21.47,25.38
91106 (Foil),,31.38,27.55,32.36
222002 (Foil),19.99,24.27,19.0,30.0
222002 (Nonfoil),20.34,16.55,11.0,22.87
221813 (Foil),83.0,89.18,82.0,93.49
221813 (Nonfoil),,46.33,41.9,56.88
5441 (Nonfoil),,83.3,75.0,89.99
5441 (Foil),,,,
221819 (Foil),38.0,32.97,28.62,39.99
221819 (Nonfoil),23.0,22.32,19.48,25.97
190793 (Foil),30.42,30.99,28.15,35.69
190793 (Nonfoil),4.35,4.31,3.0,6.66
175205 (Foil),,19.47,15.8,22.1
175205 (Nonfoil),8.99,8.05,6.5,9.49
6131 (Nonfoil),,28.66,24.0,36.0
6131 (Foil),,,,
92832 (Nonfoil),14.29,13.68,12.19,15.99
92832 (Foil),,28.54,22.88,27.99
218589 (Foil),5.04,4.89,3.92,6.38
218589 (Nonfoil),4.99,4.1,2.0,5.0
92831 (Nonfoil),20.78,22.81,18.22,24.64
92831 (Foil),,37.75,32.8,38.49
162123 (Nonfoil),3.76,3.64,1.25,4.35
162123 (Foil),4.73,6.39,4.66,6.53
6275 (Nonfoil),,63.13,44.49,67.96
6275 (Foil),,297.23,338.79,369.69
212691 (Nonfoil),7.49,6.98,5.0,7.26
212691 (Foil),7.49,7.67,6.81,8.11
212692 (Nonfoil),8.0,7.91,7.0,9.21
212692 (Foil),31.8,32.47,27.0,31.8
5969 (Nonfoil),7.9,12.21,7.44,12.01
5969 (Foil),,,,
6135 (Nonfoil),52.99,75.99,60.0,80.86
6135 (Foil),,699.95,394.95,450.11
222632 (Foil),,,,
222632 (Nonfoil),0.5,0.53,0.25,1.2
35581 (Nonfoil),3.79,4.43,1.52,4.98
35581 (Foil),,10.99,8.01,10.74
91065 (Nonfoil),6.49,9.78,5.94,9.29
91065 (Foil),,17.48,15.09,17.48
192523 (Nonfoil),8.99,9.51,7.11,11.25
192523 (Foil),13.93,15.63,13.93,15.38
139783 (Foil),,,,
139783 (Nonfoil),14.49,13.81,11.0,14.49
183201 (Foil),3.28,2.47,2.05,4.37
183201 (Nonfoil),0.62,0.7,0.25,0.99
47663 (Nonfoil),3.25,2.96,1.06,4.5
47663 (Foil),,32.67,19.2,25.76
68289 (Nonfoil),19.22,18.7,16.75,19.71
68289 (Foil),,42.23,39.02,42.21
130149 (Nonfoil),21.31,21.63,16.0,24.05
130149 (Foil),,28.75,23.75,29.89
114848 (Nonfoil),5.28,5.51,3.14,6.37
114848 (Foil),19.33,19.44,15.0,18.99
145286 (Foil),,21.74,14.21,22.99
145286 (Nonfoil),11.45,9.22,8.88,14.54
100217 (Nonfoil),11.0,10.54,9.29,11.7
100217 (Foil),27.49,26.16,23.0,29.98
206838 (Foil),1.16,1.03,0.5,1.25
206838 (Nonfoil),1.08,0.94,0.25,1.0
206947 (Foil),,5.71,5.0,6.99
206947 (Nonfoil),,2.15,1.39,2.27
167762 (Nonfoil),10.5,9.85,8.51,10.95
167762 (Foil),29.6,29.6,25.86,33.49
145334 (Foil),,14.79,17.94,19.7
145334 (Nonfoil),17.39,14.36,12.5,14.28
226930 (Foil),,1.14,0.35,2.79
226930 (Nonfoil),,0.91,0.45,1.5
122918 (Nonfoil),3.43,3.93,1.69,3.88
122918 (Foil),4.99,5.42,3.91,5.53
218871 (Foil),28.61,24.46,21.99,30.83
218871 (Nonfoil),24.99,20.93,19.94,26.71
215502 (Foil),3.42,3.47,1.28,3.59
215502 (Nonfoil),2.0,2.05,1.29,2.61
215537 (Foil),6.78,7.88,5.1,7.99
215537 (Nonfoil),2.8,2.41,1.5,3.49
78846 (Nonfoil),14.99,15.99,12.43,16.68
78846 (Foil),31.13,35.95,29.0,35.69
192830 (Foil),4.17,4.3,3.5,4.98
192830 (Nonfoil),2.27,2.21,1.18,2.47
113229 (Nonfoil),,1.51,0.5,1.87
113229 (Foil),,,,
198860 (Foil),,1.99,1.1,2.0
198860 (Nonfoil),1.45,1.78,0.49,1.62
94212 (Nonfoil),6.6,6.4,4.91,6.57
94212 (Foil),,,,
215367 (Nonfoil),0.67,0.64,0.15,1.1
215367 (Foil),1.67,1.66,0.94,2.51
218450 (Nonfoil),2.18,1.83,0.79,2.31
218450 (Foil),2.85,3.62,2.54,4.47
176869 (Nonfoil),2.5,2.03,0.8,2.06
176869 (Foil),4.66,3.24,2.0,3.61
176777 (Nonfoil),11.76,11.22,8.99,12.21
176777 (Foil),,19.43,11.83,20.59
212115 (Nonfoil),2.5,2.01,1.0,2.16
212115 (Foil),3.9,2.97,1.99,3.0
212235 (Foil),19.94,18.78,17.99,22.11
212235 (Nonfoil),5.0,4.54,3.0,4.41
98647 (Nonfoil),,14.71,13.04,16.69
98647 (Foil),,33.18,26.0,31.78
207052 (Foil),2.34,2.46,1.32,2.85
207052 (Nonfoil),1.8,1.67,0.59,1.7
36229 (Nonfoil),,8.43,5.45,8.75
36229 (Foil),,21.71,18.29,20.47
82751 (Nonfoil),,10.66,9.0,11.43
82751 (Foil),,,,
71002 (Nonfoil),9.36,9.01,6.99,10.49
71002 (Foil),20.98,24.88,18.99,21.81
206010 (Nonfoil),0.99,1.2,0.72,1.99
206010 (Foil),2.0,2.06,1.5,2.88
206011 (Nonfoil),1.5,1.5,0.75,2.26
206011 (Foil),2.59,2.93,2.0,4.0
206190 (Nonfoil),0.82,0.83,0.25,0.99
206190 (Foil),,0.65,0.49,1.28
27108 (Nonfoil),,9.78,7.59,9.24
27108 (Foil),,31.16,24.6,30.8
5051 (Nonfoil),,31.55,33.71,40.0
5051 (Foil),,,,
188703 (Nonfoil),1.97,1.9,0.78,1.98
188703 (Foil),2.66,3.49,2.66,3.85
13694 (Nonfoil),,12.65,10.49,12.55
13694 (Foil),,23.72,20.6,22.95
188704 (Foil),5.48,5.65,4.0,6.03
188704 (Nonfoil),2.02,1.97,1.49,3.63
222339 (Foil),,,,
222339 (Nonfoil),,5.2,5.72,7.96
188505 (Foil),0.89,1.27,0.87,1.53
188505 (Nonfoil),,,,
119687 (Foil),31.23,28.39,31.23,39.0
119687 (Nonfoil),19.86,17.69,13.47,17.69
190865 (Foil),,22.27,21.5,27.5
190865 (Nonfoil),6.38,6.94,4.0,6.52
188861 (Nonfoil),6.0,5.99,3.9,6.21
188861 (Foil),9.79,11.96,9.79,12.98
82180 (Nonfoil),,9.21,6.81,9.99
82180 (Foil),,34.93,19.26,34.98
107840 (Nonfoil),5.85,3.97,3.5,5.46
107840 (Foil),,,,
469 (Nonfoil),,25.79,33.83,46.49
469 (Foil),,,,
198854 (Nonfoil),0.44,0.43,0.13,0.73
198854 (Foil),0.91,0.73,0.29,1.27
198855 (Nonfoil),1.46,1.49,1.0,2.04
198855 (Foil),5.08,6.71,5.08,8.19
71000 (Nonfoil),4.44,3.57,1.86,4.0
71000 (Foil),,7.24,6.0,9.5
206666 (Foil),,11.51,10.0,12.6
206666 (Nonfoil),12.48,10.8,8.7,11.67
206693 (Nonfoil),12.3,11.31,9.01,11.81
206693 (Foil),17.99,17.12,13.21,18.77
207075 (Foil),2.09,1.74,0.92,1.81
207075 (Nonfoil),1.99,1.8,0.49,1.69
48140 (Nonfoil),,,,
48140 (Foil),,5.85,4.64,5.82
212085 (Foil),0.29,0.3,0.2,0.75
212085 (Nonfoil),0.21,0.24,0.05,0.48
199465 (Foil),1.44,1.36,0.86,1.64
199465 (Nonfoil),1.38,1.18,0.39,1.25
206667 (Foil),4.32,4.32,3.25,4.84
206667 (Nonfoil),3.95,3.73,2.7,4.03
206668 (Nonfoil),7.83,6.7,4.75,6.91
206668 (Foil),,17.38,17.38,19.76
9301 (Nonfoil),,10.11,8.09,9.99
9301 (Foil),,62.98,41.21,64.95
35448 (Nonfoil),11.1,9.95,7.49,10.09
35448 (Foil),,11.53,7.41,17.41
218805 (Foil),30.9,29.73,27.81,38.99
218805 (Nonfoil),24.58,20.29,18.88,27.97
192536 (Nonfoil),1.93,1.92,0.89,2.53
192536 (Foil),2.85,3.51,2.8,4.08
216559 (Nonfoil),,18.18,17.75,19.44
216559 (Foil),,,,
212007 (Nonfoil),34.99,31.27,26.95,33.49
212007 (Foil),45.93,46.55,40.95,52.55
212179 (Foil),9.36,9.39,7.9,10.55
212179 (Nonfoil),8.4,7.15,5.38,8.56
162205 (Nonfoil),7.78,6.77,4.99,7.96
162205 (Foil),,18.79,15.0,20.92
215486 (Nonfoil),,8.87,7.99,11.41
215486 (Foil),,14.92,12.99,18.09
12487 (Nonfoil),,19.41,16.0,18.59
12487 (Foil),33.39,40.9,33.39,41.2
95274 (Nonfoil),11.8,11.59,9.62,15.36
95274 (Foil),27.6,37.89,25.5,34.01
94194 (Nonfoil),11.99,10.29,7.59,9.96
94194 (Foil),,,,
215738 (Nonfoil),0.99,0.8,0.29,1.24
215738 (Foil),1.51,1.52,1.0,2.19
39420 (Nonfoil),,3.67,2.03,4.49
39420 (Foil),,5.65,4.75,6.99
6215 (Nonfoil),16.91,15.53,9.94,17.99
6215 (Foil),,106.35,86.89,117.35
218377 (Foil),,2.57,1.76,3.5
218377 (Nonfoil),2.35,2.49,1.65,2.75
218828 (Nonfoil),5.68,3.93,3.21,4.1
218828 (Foil),,5.09,4.0,5.49
190873 (Foil),34.5,22.95,24.39,34.77
190873 (Nonfoil),10.39,8.14,4.0,10.0
199302 (Foil),,0.99,0.5,1.64
199302 (Nonfoil),0.95,0.85,0.25,1.0
199303 (Foil),12.97,12.14,9.48,12.14
199303 (Nonfoil),2.68,3.0,2.15,3.62
121450 (Foil),93.99,87.65,88.5,94.55
121450 (Nonfoil),15.4,15.02,13.24,16.77
6232 (Nonfoil),78.99,99.51,75.0,90.42
6232 (Foil),,339.94,284.2,348.49
168773 (Foil),,21.11,20.97,24.95
168773 (Nonfoil),15.66,13.54,10.0,14.13
66601 (Nonfoil),2.66,2.81,2.0,4.0
66601 (Foil),11.99,13.82,8.0,13.74
5913 (Nonfoil),9.65,11.53,8.4,12.29
5913 (Foil),,,,
12522 (Nonfoil),,4.0,0.99,4.49
12522 (Foil),,33.2,28.99,33.5
121628 (Nonfoil),19.93,15.26,10.99,14.94
121628 (Foil),63.0,65.39,62.0,69.0
120285 (Foil),,13.26,11.44,13.97
120285 (Nonfoil),6.94,7.48,5.5,7.56
192689 (Nonfoil),1.46,1.25,0.44,1.25
192689 (Foil),2.99,2.39,1.0,2.21
35573 (Nonfoil),13.94,13.97,12.41,14.69
35573 (Foil),,18.09,13.45,22.67
207069 (Nonfoil),1.09,0.95,0.25,1.24
207069 (Foil),,1.08,0.75,1.63
207070 (Foil),,5.34,3.9,5.85
207070 (Nonfoil),2.51,2.28,1.64,2.9
35659 (Nonfoil),3.73,3.91,2.97,4.28
35659 (Foil),,15.2,9.48,14.89
183033 (Foil),38.21,38.96,35.93,45.0
183033 (Nonfoil),19.05,17.31,15.9,18.99
10177 (Nonfoil),,9.73,7.75,9.39
10177 (Foil),,43.75,41.94,45.49
95256 (Nonfoil),1.63,2.14,1.0,2.64
95256 (Foil),5.5,8.82,5.5,7.98
100096 (Nonfoil),9.43,7.81,6.0,9.5
100096 (Foil),,22.77,19.95,21.97
11920 (Nonfoil),19.99,15.22,10.0,14.73
11920 (Foil),,51.84,29.0,48.69
218860 (Foil),19.24,19.83,18.25,24.48
218860 (Nonfoil),21.45,17.09,14.0,21.22
139830 (Foil),,,,
139830 (Nonfoil),,30.88,29.99,37.52
10182 (Nonfoil),,16.16,13.0,16.22
10182 (Foil),46.75,60.0,46.75,48.0
161344 (Foil),,10.16,8.5,10.37
161344 (Nonfoil),8.22,7.11,5.03,7.15
198399 (Foil),,10.18,7.0,10.69
198399 (Nonfoil),,2.45,1.75,3.15
198557 (Nonfoil),1.17,0.85,0.19,1.3
198557 (Foil),1.48,1.37,1.12,2.0
182205 (Nonfoil),1.12,1.0,0.31,1.0
182205 (Foil),,1.76,1.0,2.0
227278 (Nonfoil),0.74,0.81,0.75,1.14
227278 (Foil),,,,
176679 (Nonfoil),0.25,0.32,0.14,0.53
176679 (Foil),1.03,1.07,0.3,1.25
10318 (Nonfoil),5.87,7.33,3.75,8.89
10318 (Foil),,43.29,43.49,45.62
192629 (Foil),,7.15,6.5,9.02
192629 (Nonfoil),6.17,5.63,2.54,5.39
36990 (Nonfoil),,3.22,1.99,4.99
36990 (Foil),,,,
33250 (Nonfoil),,22.74,14.99,19.99
33250 (Foil),31.99,24.86,19.6,44.99
218372 (Nonfoil),4.32,4.18,2.75,4.71
218372 (Foil),5.98,6.42,4.55,6.99
129816 (Foil),24.59,14.47,10.95,16.0
129816 (Nonfoil),6.26,6.56,3.82,7.02
180794 (Foil),13.99,13.75,13.0,17.95
180794 (Nonfoil),8.04,8.04,6.48,8.99
126405 (Foil),,10.57,7.56,10.73
126405 (Nonfoil),5.21,5.52,4.21,6.23
215928 (Foil),,2.59,1.0,3.66
215928 (Nonfoil),,1.55,0.75,1.56
199387 (Foil),15.99,19.28,15.99,19.95
199387 (Nonfoil),12.51,11.1,7.99,15.0
222452 (Nonfoil),,25.99,25.0,35.95
222452 (Foil),,,,
11024 (Nonfoil),23.9,22.02,22.91,25.92
11024 (Foil),,36.52,31.6,36.05
192781 (Foil),4.93,4.21,2.75,5.0
192781 (Nonfoil),2.5,1.64,0.55,2.85
7458 (Nonfoil),9.44,13.04,11.0,12.95
7458 (Foil),,57.5,64.99,69.09
14017 (Nonfoil),12.43,13.21,11.45,13.21
14017 (Foil),,43.92,37.8,41.88
145331 (Foil),,39.7,34.99,40.9
145331 (Nonfoil),30.49,30.77,27.0,31.1
14019 (Nonfoil),12.33,13.35,9.85,16.33
14019 (Foil),42.41,63.18,47.4,56.01
207770 (Foil),165.03,14.01,12.0,21.95
207770 (Nonfoil),,,,
10829 (Nonfoil),,17.54,12.48,17.62
10829 (Foil),114.58,65.25,49.0,64.84
215733 (Foil),,8.1,6.29,10.0
215733 (Nonfoil),,3.54,2.59,4.09
192616 (Nonfoil),0.11,0.14,0.1,0.4
192616 (Foil),1.19,1.94,1.19,1.95
175574 (Nonfoil),0.95,0.92,0.18,1.03
175574 (Foil),,2.71,2.09,2.91
5333 (Nonfoil),17.99,28.2,18.0,28.99
5333 (Foil),,,,
176855 (Foil),2.29,3.02,1.05,2.5
176855 (Nonfoil),0.78,1.01,0.16,1.4
198857 (Nonfoil),1.7,1.79,0.5,2.0
198857 (Foil),3.83,3.23,1.49,3.33
198979 (Foil),,39.2,36.39,41.2
198979 (Nonfoil),9.69,8.62,6.8,8.99
121625 (Foil),,128.0,100.79,119.95
121625 (Nonfoil),16.55,15.53,12.51,19.9
199346 (Nonfoil),0.12,0.17,0.05,0.41
199346 (Foil),0.35,0.49,0.35,0.99
199426 (Nonfoil),0.56,0.58,0.25,1.0
199426 (Foil),3.69,2.57,1.5,3.32
212218 (Nonfoil),31.24,29.26,27.72,33.41
212218 (Foil),,,,
188637 (Foil),7.36,9.21,5.9,8.81
188637 (Nonfoil),5.0,4.51,2.49,4.62
190647 (Nonfoil),41.21,40.05,33.0,46.38
190647 (Foil),,183.46,188.4,199.99
218698 (Foil),139.94,151.55,138.7,158.48
218698 (Nonfoil),,74.38,69.99,84.98
222354 (Foil),,,,
222354 (Nonfoil),,16.98,15.98,19.31
198943 (Nonfoil),0.5,0.57,0.1,0.88
198943 (Foil),0.59,1.08,0.4,1.19
198945 (Foil),,9.47,6.16,9.7
198945 (Nonfoil),3.34,2.87,1.59,3.08
215926 (Foil),4.32,4.1,3.0,4.28
215926 (Nonfoil),,1.32,0.5,1.55
188507 (Foil),,8.43,6.03,8.97
188507 (Nonfoil),4.14,3.68,2.75,4.29
59549 (Nonfoil),,6.93,5.47,7.49
59549 (Foil),,,,
5362 (Nonfoil),,7.43,4.0,8.02
5362 (Foil),,,,
188638 (Nonfoil),,,,
188638 (Foil),2.34,2.6,1.57,2.93
218277 (Nonfoil),45.84,45.7,40.0,50.54
218277 (Foil),57.23,62.05,54.0,63.45
100191 (Nonfoil),16.72,18.02,14.99,20.86
100191 (Foil),,46.45,33.84,47.68
187141 (Foil),5.74,8.03,5.73,8.49
187141 (Nonfoil),4.47,3.72,2.03,4.28
39537 (Nonfoil),,17.2,13.61,18.89
39537 (Foil),,35.97,29.79,36.0
139796 (Nonfoil),34.97,25.06,23.3,26.24
139796 (Foil),,,,
206854 (Foil),,2.37,1.5,2.72
206854 (Nonfoil),1.88,1.7,0.78,1.96
192559 (Foil),6.83,8.78,6.49,8.99
192559 (Nonfoil),6.74,5.07,4.0,6.0
5620 (Nonfoil),10.99,11.18,7.0,11.21
5620 (Foil),,,,
3541 (Nonfoil),25.0,29.66,24.75,35.23
3541 (Foil),,,,
183174 (Nonfoil),0.65,0.65,0.15,0.81
183174 (Foil),,1.48,0.99,2.08
4351 (Nonfoil),,34.5,27.0,35.28
4351 (Foil),,,,
199057 (Foil),,2.27,1.8,2.76
199057 (Nonfoil),2.0,1.4,0.45,1.74
199058 (Nonfoil),5.3,4.52,3.79,5.32
199058 (Foil),,18.03,15.75,20.13
176561 (Foil),1.91,2.39,1.78,2.74
176561 (Nonfoil),0.55,0.7,0.1,1.0
15574 (Nonfoil),6.07,11.78,3.12,10.12
15574 (Foil),23.5,33.39,23.5,30.99
6947 (Nonfoil),6.65,11.08,6.67,10.49
6947 (Foil),,,,
192694 (Foil),,1.58,0.84,1.99
192694 (Nonfoil),,,,
192876 (Foil),7.18,9.82,7.18,9.99
192876 (Nonfoil),1.79,1.83,0.95,2.29
5159 (Nonfoil),13.32,15.46,13.21,16.99
5159 (Foil),,,,
206660 (Foil),1.02,1.06,0.69,1.16
206660 (Nonfoil),0.85,0.75,0.1,0.89
206661 (Foil),,5.05,3.99,6.0
206661 (Nonfoil),3.07,2.98,1.71,3.2
188708 (Foil),8.99,9.93,7.0,10.43
188708 (Nonfoil),4.0,3.93,2.5,4.49
169146 (Nonfoil),,,,
169146 (Foil),19.99,21.56,18.64,23.05
169083 (Foil),,22.48,19.71,25.93
169083 (Nonfoil),12.8,13.02,9.0,14.01
6354 (Nonfoil),35.63,45.66,33.0,45.0
6354 (Foil),,260.72,250.0,286.23
6080 (Nonfoil),12.08,20.82,17.49,23.32
6080 (Foil),,,,
10871 (Nonfoil),17.95,12.76,9.23,13.06
10871 (Foil),,49.13,40.0,49.47
741 (Nonfoil),49.95,44.76,36.16,45.29
741 (Foil),,,,
47629 (Nonfoil),10.57,7.51,6.0,8.35
47629 (Foil),,24.34,22.18,26.18
218606 (Nonfoil),2.89,2.74,1.4,2.87
218606 (Foil),3.56,2.93,1.98,3.58
212029 (Nonfoil),1.16,1.15,0.55,1.56
212029 (Foil),1.86,1.88,0.99,2.15
98768 (Nonfoil),3.36,3.67,2.46,3.8
98768 (Foil),5.13,6.01,3.0,6.65
7357 (Nonfoil),28.0,19.28,16.99,22.24
7357 (Foil),494.2,175.02,175.99,209.38
12524 (Nonfoil),,12.54,7.5,14.2
12524 (Foil),,132.02,110.0,126.99
125496 (Nonfoil),40.97,41.78,37.09,43.72
125496 (Foil),,,,
18779 (Nonfoil),7.13,8.48,4.7,8.86
18779 (Foil),,49.0,40.12,43.99
212223 (Nonfoil),0.63,1.08,0.05,1.32
212223 (Foil),1.99,1.31,0.68,1.34
212540 (Foil),3.76,3.9,2.5,4.59
212540 (Nonfoil),2.0,1.66,0.26,1.9
145370 (Foil),,14.06,12.8,17.91
145370 (Nonfoil),3.32,3.96,2.99,6.16
215541 (Foil),1.94,2.54,0.95,2.97
215541 (Nonfoil),0.73,0.74,0.48,1.5
212133 (Foil),13.59,13.59,11.51,14.0
212133 (Nonfoil),13.1,11.66,7.95,12.22
212134 (Foil),552.8,43.3,40.0,46.74
212134 (Nonfoil),17.19,16.81,13.0,18.1
121906 (Nonfoil),12.97,11.73,8.99,11.99
121906 (Foil),,20.12,17.8,23.18
52206 (Nonfoil),31.42,34.72,28.99,39.19
52206 (Foil),87.53,107.44,81.25,99.99
188468 (Nonfoil),4.09,4.41,1.75,4.22
188468 (Foil),,7.2,6.5,7.8
167811 (Nonfoil),17.0,17.29,16.0,18.83
167811 (Foil),39.99,42.2,33.58,45.64
215741 (Foil),,6.21,5.38,7.9
215741 (Nonfoil),5.98,3.75,1.7,4.33
10741 (Nonfoil),,17.66,14.49,18.19
10741 (Foil),,52.5,59.99,62.49
58290 (Nonfoil),14.01,15.53,12.29,16.79
58290 (Foil),60.0,35.88,20.51,31.99
215355 (Nonfoil),,10.07,9.24,17.64
215355 (Foil),,21.03,13.8,23.11
215361 (Foil),,35.27,19.95,39.49
215361 (Nonfoil),12.5,11.94,10.97,18.84
91642 (Nonfoil),,4.36,3.0,6.3
91642 (Foil),,,,
179458 (Foil),,26.18,27.54,29.16
179458 (Nonfoil),22.95,21.8,19.73,23.99
128487 (Nonfoil),,5.01,3.75,6.5
128487 (Foil),,16.04,13.0,16.17
36982 (Nonfoil),,,,
36982 (Foil),14.49,16.08,12.6,16.25
206757 (Nonfoil),9.98,9.29,7.47,9.99
206757 (Foil),11.12,11.1,8.94,11.68
206758 (Foil),17.94,16.85,14.99,18.53
206758 (Nonfoil),11.23,9.46,7.93,10.82
70991 (Nonfoil),9.82,9.67,5.09,11.49
70991 (Foil),,21.78,15.75,22.0
207065 (Nonfoil),,1.48,0.54,1.98
207065 (Foil),3.99,5.47,2.95,5.69
206926 (Foil),5.69,5.15,4.0,5.99
206926 (Nonfoil),4.93,4.23,3.0,4.57
206928 (Foil),,40.71,42.0,49.99
206928 (Nonfoil),12.0,12.13,11.1,12.39
199031 (Nonfoil),1.84,2.14,1.04,2.31
199031 (Foil),3.29,3.15,2.0,3.29
114875 (Foil),9.99,14.94,7.0,13.15
114875 (Nonfoil),3.86,4.22,2.78,5.06
206830 (Foil),,4.75,3.79,6.18
206830 (Nonfoil),,1.88,1.0,2.0
9383 (Nonfoil),13.42,19.05,13.42,18.04
9383 (Foil),,61.0,74.99,79.99
149293 (Foil),,,,
149293 (Nonfoil),11.83,11.78,8.64,12.42
34785 (Nonfoil),,38.45,37.0,41.6
34785 (Foil),,80.27,61.0,72.7
71874 (Nonfoil),7.89,7.24,5.92,9.17
71874 (Foil),,,,
190836 (Foil),161.25,164.26,141.01,174.2
190836 (Nonfoil),29.31,29.02,23.01,35.0
161432 (Foil),13.94,17.19,12.99,19.3
161432 (Nonfoil),8.45,7.94,6.0,10.12
1605 (Nonfoil),4.26,21.15,12.36,16.65
1605 (Foil),,,,
212055 (Foil),2.8,2.75,1.71,3.49
212055 (Nonfoil),1.04,1.05,0.41,1.25
218939 (Foil),8.99,8.39,7.0,10.0
218939 (Nonfoil),4.99,4.52,3.09,5.47
167637 (Nonfoil),16.51,19.4,14.81,20.65
167637 (Foil),,35.43,35.43,48.99
6139 (Nonfoil),,7.1,4.99,6.79
6139 (Foil),,42.46,32.99,44.29
198909 (Nonfoil),2.25,2.1,0.9,2.04
198909 (Foil),,2.74,1.33,2.6
198982 (Nonfoil),,6.3,4.0,6.43
198982 (Foil),30.92,32.98,23.75,33.62
14853 (Nonfoil),11.0,13.82,10.18,13.35
14853 (Foil),,44.88,19.79,19.98
98597 (Nonfoil),,30.8,27.99,33.64
98597 (Foil),,33.26,40.99,44.57
139900 (Foil),,,,
139900 (Nonfoil),5.23,4.07,3.58,5.27
33265 (Nonfoil),19.97,21.09,19.18,22.17
33265 (Foil),,33.17,34.89,40.99
145411 (Foil),10.91,11.05,10.0,13.94
145411 (Nonfoil),9.72,7.8,7.01,9.0
151635 (Foil),,9.81,8.37,9.99
151635 (Nonfoil),,,,
15428 (Nonfoil),4.79,6.01,3.25,6.01
15428 (Foil),17.53,20.57,22.29,28.97
187187 (Nonfoil),3.5,3.53,2.68,3.99
187187 (Foil),4.84,7.27,4.84,7.99
35408 (Nonfoil),,4.91,3.79,5.22
35408 (Foil),5.25,5.47,4.59,6.3
192630 (Nonfoil),5.58,3.89,1.99,4.23
192630 (Foil),,5.95,5.49,6.8
120116 (Nonfoil),3.05,3.22,1.99,5.07
120116 (Foil),14.45,18.15,13.0,18.85
6481 (Nonfoil),,5.74,2.39,5.44
6481 (Foil),,22.97,19.94,21.0
10539 (Nonfoil),,20.39,15.99,19.42
10539 (Foil),,33.98,28.73,30.0
222484 (Foil),,,,
222484 (Nonfoil),,42.92,39.7,44.37
94301 (Nonfoil),,6.61,5.0,6.61
94301 (Foil),,,,
128220 (Nonfoil),39.04,38.84,34.99,40.0
128220 (Foil),49.98,45.61,49.98,54.99
218385 (Foil),,26.9,23.99,31.99
218385 (Nonfoil),19.98,21.82,19.98,27.29
212221 (Nonfoil),10.47,10.17,8.5,10.98
212221 (Foil),,,,
218843 (Foil),6.63,6.72,6.37,7.08
218843 (Nonfoil),3.25,3.57,2.5,3.99
179462 (Nonfoil),37.93,34.69,30.9,37.54
179462 (Foil),,59.39,53.99,64.0
167787 (Foil),,34.88,33.99,36.99
167787 (Nonfoil),23.74,19.6,16.99,20.0
82278 (Nonfoil),7.99,7.07,5.0,7.5
82278 (Foil),,14.31,11.46,14.89
176588 (Nonfoil),4.04,4.23,3.0,4.52
176588 (Foil),,8.14,5.51,9.66
2528 (Nonfoil),,8.59,7.31,10.45
2528 (Foil),,,,
192519 (Nonfoil),0.85,1.05,0.25,1.1
192519 (Foil),,2.31,1.43,2.35
187119 (Nonfoil),0.38,0.35,0.05,0.5
187119 (Foil),1.13,1.9,1.13,2.25
118430 (Nonfoil),15.97,15.2,14.2,16.0
118430 (Foil),,19.47,17.15,19.97
206644 (Nonfoil),1.77,1.85,1.05,2.05
206644 (Foil),2.25,2.25,1.09,2.69
206645 (Foil),4.25,4.59,3.75,5.63
206645 (Nonfoil),2.24,2.32,0.99,2.52
71086 (Nonfoil),8.87,7.68,5.95,8.52
71086 (Foil),,16.58,12.72,16.54
206847 (Nonfoil),1.39,1.38,0.4,1.49
206847 (Foil),,3.65,2.99,3.78
216047 (Nonfoil),,27.67,27.46,31.16
216047 (Foil),,,,
14722 (Nonfoil),2.65,3.25,2.97,4.84
14722 (Foil),12.39,15.94,13.0,14.28
188702 (Nonfoil),1.5,1.43,0.45,1.57
188702 (Foil),3.56,3.33,2.75,3.68
216212 (Foil),,,,
216212 (Nonfoil),11.48,11.6,8.75,12.04
188488 (Nonfoil),2.76,2.62,1.3,2.81
188488 (Foil),5.0,5.68,3.99,6.41
12680 (Nonfoil),,18.43,17.44,21.6
12680 (Foil),,47.66,49.99,58.71
94307 (Nonfoil),,7.24,5.55,8.77
94307 (Foil),,,,
206949 (Foil),4.63,3.86,3.53,4.6
206949 (Nonfoil),2.15,1.72,0.42,1.61
113263 (Foil),,,,
113263 (Nonfoil),5.0,3.73,2.59,4.9
215342 (Foil),25.86,26.67,22.66,30.0
215342 (Nonfoil),15.0,12.52,8.54,15.99
128475 (Foil),,13.33,11.95,16.47
128475 (Nonfoil),7.49,7.29,5.69,8.65
183034 (Nonfoil),0.95,0.89,0.1,1.28
183034 (Foil),2.46,2.47,1.0,2.55
13882 (Nonfoil),4.28,7.22,3.47,8.51
13882 (Foil),49.81,72.4,47.38,81.49
59562 (Nonfoil),,11.82,9.99,12.75
59562 (Foil),,,,
110836 (Nonfoil),12.37,13.66,10.0,15.29
110836 (Foil),29.91,37.18,28.95,38.23
215936 (Nonfoil),2.46,1.93,1.15,3.3
215936 (Foil),,,,
140146 (Nonfoil),19.93,17.4,14.95,18.17
140146 (Foil),,,,
192642 (Nonfoil),0.9,0.97,0.68,1.49
192642 (Foil),3.84,4.6,2.5,4.5
145283 (Foil),34.99,25.16,25.0,38.95
145283 (Nonfoil),18.95,15.77,13.99,17.11
196427 (Nonfoil),4.67,4.62,2.75,5.59
196427 (Foil),,,,
192565 (Foil),0.74,1.24,0.74,1.4
192565 (Nonfoil),0.19,0.2,0.05,0.63
192544 (Foil),9.0,11.46,8.0,12.18
192544 (Nonfoil),5.4,4.93,2.5,6.71
59812 (Nonfoil),15.47,15.89,13.75,16.59
59812 (Foil),44.9,34.21,33.33,40.58
128581 (Foil),87.14,86.54,68.6,90.75
128581 (Nonfoil),54.25,46.59,46.59,57.19
35582 (Nonfoil),9.97,7.53,4.69,8.22
35582 (Foil),,13.92,11.47,14.0
187117 (Nonfoil),16.15,13.6,12.0,15.19
187117 (Foil),28.79,25.79,16.0,25.99
96603 (Nonfoil),17.99,18.11,12.04,17.36
96603 (Foil),,25.27,22.68,30.0
120266 (Foil),54.78,59.47,41.0,57.1
120266 (Nonfoil),16.88,20.36,15.0,24.6
215354 (Foil),,5.96,4.96,7.81
215354 (Nonfoil),5.0,5.04,3.19,5.12
215357 (Foil),,22.2,17.0,29.52
215357 (Nonfoil),,7.28,5.07,11.4
14281 (Nonfoil),4.61,6.17,2.69,7.19
14281 (Foil),14.12,25.5,19.48,25.25
7821 (Nonfoil),,11.26,8.68,12.31
7821 (Foil),,36.04,60.9,64.12
12088 (Nonfoil),8.47,8.79,4.0,8.61
12088 (Foil),,29.36,21.0,28.95
215523 (Nonfoil),3.32,3.02,1.74,3.5
215523 (Foil),,2.89,1.99,4.0
215524 (Nonfoil),4.45,3.56,2.79,4.99
215524 (Foil),7.28,6.93,5.0,8.89
176429 (Nonfoil),0.24,0.24,0.08,0.49
176429 (Foil),2.72,3.27,2.02,3.48
57666 (Nonfoil),,31.3,27.0,34.44
57666 (Foil),,43.98,42.28,46.99
198749 (Foil),,1.84,0.99,2.72
198749 (Nonfoil),1.35,1.27,0.7,1.89
198818 (Nonfoil),2.95,2.98,1.99,3.72
198818 (Foil),,5.89,4.0,7.5
212241 (Foil),4.3,4.67,2.99,5.5
212241 (Nonfoil),2.46,2.01,0.64,2.0
5890 (Nonfoil),12.76,15.21,12.75,16.55
5890 (Foil),,,,
145298 (Foil),,33.32,37.22,40.49
145298 (Nonfoil),27.49,25.76,22.99,27.65
98651 (Nonfoil),7.5,7.28,5.46,7.99
98651 (Foil),14.59,13.25,9.0,11.8
14306 (Nonfoil),10.49,12.11,10.25,12.36
14306 (Foil),,30.54,25.98,31.11
207055 (Foil),0.82,0.68,0.51,1.43
207055 (Nonfoil),0.76,0.66,0.1,0.96
207059 (Nonfoil),1.83,1.83,1.21,2.2
207059 (Foil),,5.23,3.27,5.72
167821 (Foil),19.45,18.75,17.99,19.99
167821 (Nonfoil),11.99,9.43,7.5,10.1
71878 (Nonfoil),17.0,16.73,14.75,17.99
71878 (Foil),,,,
3014 (Nonfoil),,10.52,8.95,10.99
3014 (Foil),,147.96,329.95,352.48
36379 (Nonfoil),10.85,11.94,8.49,12.02
36379 (Foil),,19.58,19.17,37.93
10562 (Nonfoil),,27.48,22.99,25.57
10562 (Foil),,72.06,49.42,78.94
11112 (Nonfoil),,10.28,10.0,11.22
11112 (Foil),,38.57,36.51,38.39
161537 (Foil),,26.32,20.89,28.45
161537 (Nonfoil),22.96,18.96,18.01,20.77
18743 (Nonfoil),,20.85,18.29,22.99
18743 (Foil),,53.44,124.99,126.56
183311 (Nonfoil),2.5,1.92,0.83,2.26
183311 (Foil),5.94,4.91,3.5,5.94
198372 (Foil),,39.3,42.95,49.99
198372 (Nonfoil),14.7,15.17,14.4,16.69
198584 (Foil),,14.11,11.56,14.94
198584 (Nonfoil),9.89,10.28,8.75,11.1
135056 (Nonfoil),19.89,20.25,17.0,20.45
135056 (Foil),,40.0,26.0,36.8
215960 (Foil),,,,
215960 (Nonfoil),10.49,9.69,6.04,10.04
4386 (Nonfoil),,34.54,22.49,31.88
4386 (Foil),,,,
114839 (Nonfoil),10.49,8.69,6.15,9.55
114839 (Foil),14.83,14.26,13.5,15.08
216135 (Foil),,,,
216135 (Nonfoil),,14.17,12.89,14.7
176681 (Nonfoil),0.19,0.3,0.14,0.69
176681 (Foil),0.41,1.22,0.41,1.31
192593 (Foil),4.11,4.73,2.78,4.73
192593 (Nonfoil),1.8,1.79,0.88,2.5
192521 (Foil),15.95,15.24,8.22,15.96
192521 (Nonfoil),4.7,4.66,3.25,5.96
216249 (Foil),,,,
216249 (Nonfoil),,16.22,14.99,17.97
96362 (Nonfoil),8.17,8.62,5.75,8.98
96362 (Foil),15.32,14.46,10.92,16.14
218382 (Nonfoil),13.0,13.22,11.75,15.0
218382 (Foil),,19.83,18.81,23.35
46924 (Nonfoil),,6.85,6.27,8.99
46924 (Foil),,29.35,14.15,29.35
192589 (Foil),,16.83,15.64,18.48
192589 (Nonfoil),14.43,11.32,8.99,11.93
192693 (Foil),,7.03,5.47,6.88
192693 (Nonfoil),,,,
182958 (Foil),6.97,7.7,6.0,8.46
182958 (Nonfoil),2.7,2.47,1.06,2.71
68364 (Nonfoil),,1.38,0.5,1.84
68364 (Foil),2.47,3.04,2.0,3.44
98646 (Nonfoil),13.98,14.31,12.0,15.65
98646 (Foil),15.97,18.53,15.49,24.9
9439 (Nonfoil),62.99,68.94,60.4,68.99
9439 (Foil),286.97,288.5,251.99,283.48
199279 (Foil),,1.25,0.82,1.84
199279 (Nonfoil),0.86,0.86,0.47,1.05
199280 (Foil),12.12,10.36,9.59,13.17
199280 (Nonfoil),3.45,2.82,1.96,3.14
188632 (Nonfoil),0.43,0.5,0.1,0.93
188632 (Foil),1.34,2.12,1.3,2.37
70993 (Nonfoil),11.21,10.67,9.38,14.88
70993 (Foil),21.84,33.5,10.76,30.98
135074 (Nonfoil),9.94,8.69,7.05,8.75
135074 (Foil),13.57,14.75,11.0,16.31
219532 (Nonfoil),12.95,11.06,9.19,12.95
219532 (Foil),13.92,13.19,12.0,15.94
155783 (Foil),,28.24,28.0,31.03
155783 (Nonfoil),16.69,18.09,13.54,18.94
121182 (Nonfoil),,,,
121182 (Foil),4.15,4.11,3.5,4.67
226134 (Nonfoil),41.99,41.43,41.0,46.79
226134 (Foil),50.21,47.53,46.81,60.68
192644 (Nonfoil),2.47,2.66,1.47,2.59
192644 (Foil),7.85,8.06,6.11,9.18
215494 (Nonfoil),5.55,6.46,4.07,6.48
215494 (Foil),11.05,11.45,9.99,12.0
212022 (Nonfoil),4.49,4.15,3.0,5.49
212022 (Foil),8.22,8.44,7.45,10.64
198745 (Nonfoil),1.08,0.82,0.04,0.99
198745 (Foil),1.46,1.69,1.0,1.99
198984 (Nonfoil),9.99,5.48,1.75,5.0
198984 (Foil),17.09,30.42,17.09,43.49
215974 (Foil),,,,
215974 (Nonfoil),11.49,11.11,7.35,11.5
206627 (Foil),,1.32,0.47,1.48
206627 (Nonfoil),0.71,0.99,0.25,1.08
10520 (Nonfoil),6.71,7.73,6.18,8.24
10520 (Foil),,27.47,8.01,38.96
218938 (Foil),4.04,4.27,2.95,5.61
218938 (Nonfoil),3.64,3.56,2.5,3.99
191131 (Nonfoil),14.3,14.35,12.92,15.99
191131 (Foil),69.1,69.12,64.9,78.73
7118 (Nonfoil),,159.59,144.5,170.98
7118 (Foil),,,,
149294 (Foil),,,,
149294 (Nonfoil),15.29,14.8,12.59,14.99
176685 (Nonfoil),3.2,2.9,1.89,4.06
176685 (Foil),8.5,13.19,8.19,13.29
52208 (Nonfoil),19.99,17.96,12.95,17.92
52208 (Foil),,19.91,24.9,27.95
226866 (Foil),,1.14,0.75,1.99
226866 (Nonfoil),,0.96,0.3,1.5
218848 (Foil),8.19,8.03,6.8,9.0
218848 (Nonfoil),7.34,6.5,5.24,7.79
199035 (Nonfoil),0.85,0.84,0.15,0.99
199035 (Foil),1.35,1.15,0.75,1.8
199232 (Nonfoil),2.06,2.27,1.27,2.61
199232 (Foil),4.33,5.48,4.0,5.79
14011 (Nonfoil),14.69,19.67,11.71,17.44
14011 (Foil),,39.92,32.77,38.69
215730 (Foil),4.95,4.1,3.0,4.29
215730 (Nonfoil),,2.2,1.16,2.4
192514 (Foil),8.63,8.77,5.0,8.84
192514 (Nonfoil),3.91,3.19,2.0,4.0
9457 (Nonfoil),,12.31,10.95,13.79
9457 (Foil),,24.25,40.0,52.94
33276 (Nonfoil),4.78,5.43,4.14,5.5
33276 (Foil),14.67,17.21,15.76,17.93
192220 (Foil),,4.02,3.25,5.01
192220 (Nonfoil),0.97,0.9,0.3,1.04
192222 (Foil),17.98,17.73,16.1,19.15
192222 (Nonfoil),7.77,7.78,6.0,8.89
215484 (Nonfoil),1.25,1.29,0.74,2.0
215484 (Foil),2.46,2.54,1.5,3.67
215542 (Foil),5.42,5.94,2.94,6.24
215542 (Nonfoil),2.23,1.93,1.0,2.7
210724 (Foil),12.0,13.48,11.0,14.49
210724 (Nonfoil),3.75,3.91,3.74,5.86
129819 (Foil),11.52,11.48,10.0,11.99
129819 (Nonfoil),8.25,6.79,4.75,7.0
215619 (Foil),,4.48,3.5,5.99
215619 (Nonfoil),2.66,2.2,1.43,3.0
212191 (Nonfoil),,17.25,15.49,18.14
212191 (Foil),,,,
284 (Nonfoil),,14.43,12.41,17.45
284 (Foil),,,,
3843 (Nonfoil),41.99,31.94,49.99,79.0
3843 (Foil),,,,
139822 (Foil),,,,
139822 (Nonfoil),9.66,8.84,6.37,9.5
196486 (Foil),,,,
196486 (Nonfoil),32.97,31.95,29.27,32.99
215495 (Nonfoil),1.48,1.45,0.6,1.49
215495 (Foil),1.83,1.89,1.48,2.95
192821 (Nonfoil),3.18,2.02,0.69,2.03
192821 (Foil),,2.94,2.0,2.92
187242 (Foil),9.99,7.8,5.59,8.1
187242 (Nonfoil),2.63,2.18,1.25,2.69
82203 (Nonfoil),4.33,5.04,3.22,5.99
82203 (Foil),10.45,12.31,8.99,12.0
183060 (Foil),3.49,3.92,2.4,4.35
183060 (Nonfoil),2.04,1.7,0.79,1.79
198755 (Foil),,12.85,11.0,13.87
198755 (Nonfoil),12.0,11.34,8.75,11.99
198816 (Nonfoil),19.99,17.81,18.92,22.56
198816 (Foil),64.99,59.71,64.0,88.88
212060 (Nonfoil),2.48,1.98,1.46,2.99
212060 (Foil),2.75,3.54,2.25,3.89
176834 (Foil),0.36,1.27,0.26,2.02
176834 (Nonfoil),0.11,0.14,0.03,0.45
198973 (Foil),0.41,0.66,0.41,1.26
198973 (Nonfoil),0.22,0.23,0.13,0.5
198986 (Nonfoil),,2.39,1.25,2.62
198986 (Foil),,7.19,5.5,7.75
215319 (Foil),6.0,6.6,5.94,8.06
215319 (Nonfoil),0.69,0.68,0.49,1.31
215620 (Foil),,37.45,35.98,46.88
215620 (Nonfoil),,15.45,12.79,17.69
188509 (Nonfoil),1.92,1.66,0.33,1.95
188509 (Foil),,3.49,2.94,4.75
199255 (Nonfoil),0.2,0.24,0.05,0.49
199255 (Foil),0.44,0.71,0.29,1.05
199258 (Foil),6.35,10.3,6.35,10.25
199258 (Nonfoil),2.18,2.19,1.0,3.0
118415 (Nonfoil),15.49,12.39,10.24,13.95
118415 (Foil),,17.77,14.18,19.47
190867 (Foil),7.8,7.37,6.77,9.59
190867 (Nonfoil),1.79,1.71,0.75,1.82
218846 (Nonfoil),4.01,3.63,2.89,4.94
218846 (Foil),5.25,5.34,4.01,6.29
6889 (Nonfoil),,11.95,9.5,13.16
6889 (Foil),,,,
5849 (Nonfoil),5.0,6.49,3.25,7.08
5849 (Foil),,,,
3528 (Nonfoil),43.03,47.26,46.81,66.18
3528 (Foil),,,,
121626 (Foil),,22.96,21.83,25.11
121626 (Nonfoil),11.91,15.25,10.95,14.69
67318 (Nonfoil),15.19,13.76,10.48,13.68
67318 (Foil),31.99,29.01,31.99,34.5
188414 (Nonfoil),5.99,4.81,2.91,5.0
188414 (Foil),8.89,11.35,8.89,13.46
219546 (Nonfoil),17.97,16.05,14.5,18.76
219546 (Foil),21.82,22.16,20.54,25.0
199245 (Foil),,7.93,7.58,8.68
199245 (Nonfoil),2.35,2.2,0.83,2.2
145482 (Nonfoil),13.7,10.46,9.29,12.5
145482 (Foil),,13.15,15.99,23.74
18687 (Nonfoil),3.2,3.68,2.26,4.25
18687 (Foil),,20.88,20.99,20.99
59784 (Nonfoil),,2.91,2.48,3.99
59784 (Foil),,10.07,3.65,6.94
175192 (Nonfoil),2.55,1.6,0.75,2.21
175192 (Foil),4.05,4.06,2.95,4.06
211995 (Nonfoil),2.83,2.31,1.54,4.0
211995 (Foil),11.89,11.85,9.78,13.11
211996 (Nonfoil),2.51,1.95,1.0,3.09
211996 (Foil),2.97,3.07,2.1,3.98
10787 (Nonfoil),,6.87,5.1,6.87
10787 (Foil),,41.15,39.95,49.95
145485 (Foil),21.75,22.53,20.98,22.88
145485 (Nonfoil),15.35,15.32,12.99,16.85
219022 (Foil),17.0,19.03,16.0,20.98
219022 (Nonfoil),13.13,12.15,10.0,14.98
107844 (Foil),,,,
107844 (Nonfoil),,3.62,1.89,4.0
216346 (Foil),,,,
216346 (Nonfoil),29.98,24.32,20.75,29.85
167794 (Foil),89.88,95.22,86.99,96.1
167794 (Nonfoil),15.45,14.79,10.0,16.29
135014 (Nonfoil),19.45,14.95,10.97,13.46
135014 (Foil),,21.97,22.0,24.99
170962 (Foil),,,,
170962 (Nonfoil),14.31,13.65,9.0,13.58
206651 (Foil),4.0,3.49,2.29,3.81
206651 (Nonfoil),3.61,3.19,0.98,3.0
206712 (Nonfoil),9.49,7.11,4.87,6.8
206712 (Foil),15.87,16.47,14.35,17.46
210726 (Nonfoil),0.7,0.78,0.7,1.75
210726 (Foil),2.46,3.08,2.46,4.38
206652 (Foil),1.66,1.81,1.52,2.75
206652 (Nonfoil),1.57,1.56,0.89,2.0
206694 (Nonfoil),2.75,2.37,1.13,2.86
206694 (Foil),,3.49,2.55,5.0
71042 (Nonfoil),15.86,13.03,11.99,15.92
71042 (Foil),28.35,33.09,28.35,31.15
206814 (Nonfoil),0.49,0.43,0.15,0.71
206814 (Foil),,1.1,0.29,1.25
124603 (Nonfoil),,7.52,5.02,8.81
124603 (Foil),,,,
155691 (Nonfoil),1.43,1.86,1.3,3.69
155691 (Foil),,8.44,7.99,10.99
6231 (Nonfoil),,27.97,17.0,26.58
6231 (Foil),,61.49,91.95,99.97
176841 (Foil),2.63,2.5,1.8,2.93
176841 (Nonfoil),1.16,1.11,0.29,1.51
198777 (Foil),5.22,5.57,4.43,6.29
198777 (Nonfoil),4.26,4.41,3.0,5.09
198778 (Nonfoil),6.98,7.89,6.0,7.89
198778 (Foil),22.48,18.77,20.27,22.0
188706 (Nonfoil),0.38,0.37,0.14,0.5
188706 (Foil),1.69,1.84,0.72,2.72
168634 (Foil),14.52,15.33,13.0,15.32
168634 (Nonfoil),,,,
169156 (Nonfoil),7.68,7.59,6.5,8.24
169156 (Foil),,11.12,9.84,12.67
11714 (Nonfoil),,11.62,6.12,11.34
11714 (Foil),,24.64,33.95,37.06
82893 (Nonfoil),11.99,11.6,8.5,12.99
82893 (Foil),74.96,66.6,43.19,68.98
190992 (Foil),65.23,75.18,64.98,72.65
190992 (Nonfoil),24.75,19.24,19.24,26.96
14353 (Nonfoil),,7.39,5.5,7.99
14353 (Foil),22.53,39.5,25.5,28.25
216361 (Foil),,,,
216361 (Nonfoil),2.89,2.75,1.3,4.06
182957 (Foil),2.16,3.0,1.75,3.49
182957 (Nonfoil),0.6,0.54,0.18,1.21
98377 (Nonfoil),8.99,9.18,6.0,10.35
98377 (Foil),14.77,21.75,14.77,19.52
27214 (Nonfoil),2.4,4.94,1.4,4.47
27214 (Foil),,12.38,9.75,12.87
4031 (Nonfoil),69.99,43.22,46.99,79.89
4031 (Foil),,,,
71883 (Nonfoil),8.46,10.76,7.5,9.95
71883 (Foil),,,,
145288 (Nonfoil),,3.1,2.0,3.28
145288 (Foil),,7.69,7.18,7.91
199219 (Foil),,30.08,25.49,32.9
199219 (Nonfoil),20.4,7.22,5.01,7.69
199556 (Foil),,2.05,1.42,2.66
199556 (Nonfoil),0.48,0.5,0.28,0.87
206642 (Foil),2.65,2.98,1.99,3.5
206642 (Nonfoil),2.49,2.3,1.02,2.25
206643 (Nonfoil),6.49,6.46,4.0,6.49
206643 (Foil),,31.41,35.0,40.0
145503 (Foil),15.74,12.62,10.94,15.48
145503 (Nonfoil),,8.83,7.0,9.45
149245 (Foil),9.95,6.37,4.0,6.35
149245 (Nonfoil),,,,
2001 (Nonfoil),,14.48,10.5,14.72
2001 (Foil),,,,
212061 (Nonfoil),8.22,6.0,5.01,8.01
212061 (Foil),8.71,7.69,5.5,9.0
107867 (Nonfoil),,16.88,15.0,18.0
107867 (Foil),,,,
118457 (Nonfoil),23.0,21.19,18.37,21.49
118457 (Foil),,24.43,26.5,33.05
36395 (Nonfoil),9.94,8.81,5.98,9.08
36395 (Foil),,25.23,20.0,23.1
227324 (Nonfoil),3.5,4.15,3.5,5.29
227324 (Foil),,,,
215343 (Nonfoil),7.49,6.89,4.99,7.5
215343 (Foil),7.88,7.98,6.5,8.72
215344 (Nonfoil),13.98,12.45,9.42,13.26
215344 (Foil),,20.47,18.95,23.78
71855 (Nonfoil),,7.05,5.0,8.13
71855 (Foil),,,,
195017 (Nonfoil),,,,
195017 (Foil),1.44,1.3,0.99,1.76
183312 (Nonfoil),2.98,2.54,1.54,2.75
183312 (Foil),,3.55,3.4,5.62
35432 (Nonfoil),7.29,7.23,5.49,7.23
35432 (Foil),,12.61,10.0,12.48
39429 (Nonfoil),15.36,14.01,10.0,15.99
39429 (Foil),37.68,49.08,35.0,42.7
27075 (Nonfoil),35.49,35.36,23.75,34.46
27075 (Foil),,363.96,319.0,470.93
167651 (Nonfoil),13.68,13.18,11.0,14.99
167651 (Foil),35.84,37.65,30.0,38.0
5315 (Nonfoil),,18.44,16.83,19.99
5315 (Foil),,,,
6809 (Nonfoil),13.29,15.97,11.99,17.24
6809 (Foil),,,,
192782 (Foil),6.05,6.05,3.99,6.9
192782 (Nonfoil),1.99,2.18,1.28,3.32
91110 (Nonfoil),3.0,2.52,1.5,4.06
91110 (Foil),6.91,14.22,4.75,12.69
5814 (Nonfoil),16.59,21.94,14.99,20.45
5814 (Foil),,,,
96501 (Nonfoil),10.98,10.1,7.0,12.17
96501 (Foil),26.99,24.59,23.95,27.78
191057 (Nonfoil),3.45,3.39,2.49,3.95
191057 (Foil),23.63,21.76,21.76,25.93
3378 (Nonfoil),28.98,34.16,30.96,36.17
3378 (Foil),,,,
216178 (Foil),,,,
216178 (Nonfoil),43.19,39.12,37.55,42.91
215558 (Nonfoil),2.41,2.26,0.79,2.95
215558 (Foil),3.73,3.55,2.74,5.49
6301 (Nonfoil),,10.48,7.38,10.58
6301 (Foil),,58.62,43.85,53.19
167709 (Foil),59.65,73.04,59.0,74.97
167709 (Nonfoil),42.04,36.02,33.95,42.67
14877 (Nonfoil),13.47,12.04,9.99,14.34
14877 (Foil),,80.06,62.99,68.95
206936 (Nonfoil),14.8,12.22,9.43,13.25
206936 (Foil),14.96,15.21,11.6,15.54
5531 (Nonfoil),15.96,34.88,22.0,36.47
5531 (Foil),,,,
215543 (Nonfoil),,18.23,15.97,19.99
215543 (Foil),25.0,28.8,22.89,29.93
192617 (Foil),12.22,9.44,9.44,13.43
192617 (Nonfoil),5.1,3.75,1.95,3.84
218291 (Nonfoil),16.0,14.5,12.0,16.63
218291 (Foil),17.5,16.57,14.99,19.16
1412 (Nonfoil),11.43,19.33,14.01,18.99
1412 (Foil),,,,
180830 (Foil),15.32,14.88,12.99,15.0
180830 (Nonfoil),10.88,9.94,7.4,9.77
188701 (Foil),31.88,33.4,30.0,34.47
188701 (Nonfoil),19.01,18.41,15.0,20.73
131912 (Nonfoil),,,,
131912 (Foil),,11.22,8.0,11.45
47385 (Nonfoil),,4.55,3.95,6.22
47385 (Foil),,,,
196561 (Foil),,,,
196561 (Nonfoil),0.95,1.24,0.75,1.72
215622 (Foil),4.45,5.06,3.0,6.39
215622 (Nonfoil),3.78,3.15,2.03,4.09
215623 (Foil),2.62,2.32,1.46,3.79
215623 (Nonfoil),1.99,1.96,0.99,2.97
212072 (Nonfoil),2.16,1.93,0.74,1.99
212072 (Foil),5.19,5.42,4.17,5.46
212073 (Nonfoil),2.43,3.25,2.0,3.5
212073 (Foil),3.9,4.03,2.39,4.09
198394 (Foil),2.5,2.03,0.99,2.75
198394 (Nonfoil),1.83,1.65,0.7,2.27
198564 (Nonfoil),4.0,4.14,3.45,5.15
198564 (Foil),,15.85,14.0,16.99
12003 (Nonfoil),14.22,15.29,12.0,15.52
12003 (Foil),,53.48,49.25,55.0
188506 (Foil),15.5,8.26,6.55,8.19
188506 (Nonfoil),4.86,4.04,2.5,4.29
118463 (Foil),,20.45,26.0,29.92
118463 (Nonfoil),16.49,15.47,12.0,16.99
145267 (Foil),,25.46,22.0,29.9
145267 (Nonfoil),16.53,16.88,13.0,18.27
182962 (Nonfoil),0.19,0.23,0.05,0.52
182962 (Foil),,0.68,0.43,1.27
183213 (Foil),14.99,10.48,8.44,11.9
183213 (Nonfoil),8.2,8.02,3.39,6.66
218737 (Foil),1.89,1.37,1.0,2.24
218737 (Nonfoil),1.3,1.25,0.5,1.3
27135 (Nonfoil),,10.13,5.0,10.13
27135 (Foil),,26.61,22.0,28.81
5355 (Nonfoil),10.93,15.48,10.75,16.79
5355 (Foil),,,,
215550 (Nonfoil),5.8,4.86,3.0,5.5
215550 (Foil),5.94,5.16,4.0,5.94
215594 (Foil),,14.29,12.93,16.49
215594 (Nonfoil),8.75,8.81,5.94,8.83
191589 (Foil),38.5,30.31,25.82,38.5
191589 (Nonfoil),6.99,6.94,5.1,8.0
183313 (Nonfoil),1.25,1.11,0.2,1.25
183313 (Foil),4.15,4.15,2.98,4.6
215535 (Nonfoil),0.75,1.55,0.74,2.26
215535 (Foil),3.07,3.06,1.99,4.21
222721 (Foil),,,,
222721 (Nonfoil),,14.92,14.99,18.39
10365 (Nonfoil),6.21,7.63,4.5,7.55
10365 (Foil),,47.12,37.39,43.0
222727 (Nonfoil),,14.85,13.88,15.95
222727 (Foil),,,,
192638 (Nonfoil),1.81,1.51,0.5,1.59
192638 (Foil),2.99,2.38,1.5,2.78
66371 (Nonfoil),10.54,10.17,7.49,10.79
66371 (Foil),,,,
198578 (Nonfoil),0.11,0.14,0.09,0.38
198578 (Foil),0.57,0.57,0.2,0.97
218841 (Foil),10.69,11.3,9.75,14.69
218841 (Nonfoil),8.0,7.12,6.43,9.49
12106 (Nonfoil),20.89,22.73,17.0,22.53
12106 (Foil),,36.28,66.49,67.78
215963 (Foil),,,,
215963 (Nonfoil),,8.65,7.5,10.0
192631 (Foil),1.15,1.9,1.03,2.09
192631 (Nonfoil),0.19,0.21,0.15,0.48
151646 (Nonfoil),,,,
151646 (Foil),,12.65,8.2,13.41
188415 (Nonfoil),4.5,4.26,3.23,4.95
188415 (Foil),7.98,7.64,4.3,7.92
218333 (Nonfoil),12.28,12.05,7.25,14.0
218333 (Foil),14.72,13.04,11.95,15.23
176425 (Nonfoil),0.24,0.51,0.17,1.0
176425 (Foil),1.52,2.39,1.5,2.61
71034 (Nonfoil),6.0,5.61,4.25,7.28
71034 (Foil),,14.05,8.94,12.99
206695 (Nonfoil),3.37,2.76,1.7,3.36
206695 (Foil),,3.1,2.31,3.99
206696 (Nonfoil),3.0,2.7,1.83,3.57
206696 (Foil),5.2,5.33,3.99,6.17
206801 (Nonfoil),2.27,2.21,1.25,2.38
206801 (Foil),,7.32,6.74,8.7
207021 (Foil),17.9,17.8,14.99,18.29
207021 (Nonfoil),17.1,15.43,12.99,16.35
207060 (Nonfoil),,23.52,21.79,27.57
207060 (Foil),,84.7,83.01,87.55
34408 (Nonfoil),,34.0,30.99,35.05
34408 (Foil),,40.13,55.29,73.71
198710 (Foil),1.88,2.06,1.76,3.99
198710 (Nonfoil),1.14,1.27,0.67,1.99
198989 (Nonfoil),5.94,4.78,3.33,6.0
198989 (Foil),25.99,26.8,23.0,29.63
216095 (Foil),,,,
216095 (Nonfoil),,29.2,30.0,34.08
56324 (Nonfoil),28.24,21.51,18.88,25.19
56324 (Foil),,34.24,23.0,37.45
176907 (Foil),,2.86,1.77,3.27
176907 (Nonfoil),1.13,1.3,0.4,1.75
222460 (Foil),,,,
222460 (Nonfoil),,26.71,28.49,31.71
145289 (Nonfoil),7.83,7.88,5.9,8.44
145289 (Foil),,11.43,11.01,15.72
59719 (Nonfoil),,18.04,15.04,18.79
59719 (Foil),,31.11,21.85,31.46
18746 (Nonfoil),18.78,20.82,18.0,22.22
18746 (Foil),,49.85,46.69,56.27
198763 (Nonfoil),12.39,12.31,9.64,14.3
198763 (Foil),,15.08,11.0,15.35
198990 (Nonfoil),23.91,19.51,18.49,23.03
198990 (Foil),,58.2,54.92,58.55
199418 (Nonfoil),6.3,7.06,4.49,6.96
199418 (Foil),14.17,15.13,13.95,16.99
130059 (Foil),19.25,19.27,8.69,20.0
130059 (Nonfoil),9.9,10.45,6.21,11.45
6234 (Nonfoil),24.0,35.36,23.96,39.99
6234 (Foil),173.95,165.35,188.0,251.98
168720 (Nonfoil),18.0,17.37,14.98,19.99
168720 (Foil),40.94,28.62,29.6,40.94
215696 (Foil),3.24,3.3,2.44,4.45
215696 (Nonfoil),1.45,1.43,0.55,2.25
167825 (Foil),24.99,21.7,19.99,25.3
167825 (Nonfoil),8.99,7.11,7.11,9.5
216177 (Nonfoil),14.49,14.33,13.66,15.82
216177 (Foil),,,,
206133 (Nonfoil),1.23,0.82,0.09,1.08
206133 (Foil),1.25,1.15,0.6,1.63
206222 (Foil),7.18,7.33,7.0,8.68
206222 (Nonfoil),2.94,2.46,1.7,3.0
192788 (Nonfoil),2.06,2.04,0.75,2.01
192788 (Foil),3.99,3.83,1.94,3.79
132167 (Nonfoil),,12.02,8.3,12.37
132167 (Foil),,,,
124142 (Foil),,,,
124142 (Nonfoil),11.35,11.79,9.0,12.23
161497 (Nonfoil),8.94,10.29,7.5,11.7
161497 (Foil),,16.61,14.79,17.47
71045 (Nonfoil),3.58,3.83,2.39,5.4
71045 (Foil),6.99,10.38,6.41,10.22
118417 (Nonfoil),56.48,53.09,49.0,57.89
118417 (Foil),,87.44,73.42,94.95
132179 (Nonfoil),,10.41,9.49,11.34
132179 (Foil),,,,
128661 (Foil),,56.72,49.99,60.0
128661 (Nonfoil),35.99,30.97,29.99,38.97
199361 (Nonfoil),28.51,27.45,24.99,28.0
199361 (Foil),32.42,30.18,29.99,34.99
199506 (Foil),132.01,117.47,111.29,145.63
199506 (Nonfoil),49.99,37.36,35.32,41.19
94116 (Nonfoil),,20.04,19.0,22.04
94116 (Foil),,,,
212031 (Foil),1.79,1.79,1.31,3.0
212031 (Nonfoil),2.32,1.59,0.9,2.19
11451 (Nonfoil),,20.2,16.99,21.98
11451 (Foil),,51.72,41.88,74.17
139791 (Foil),,,,
139791 (Nonfoil),,13.04,10.57,13.34
39595 (Nonfoil),10.32,9.22,7.0,9.63
39595 (Foil),,41.84,28.74,33.55
190997 (Foil),17.0,19.35,17.0,20.37
190997 (Nonfoil),5.39,5.31,2.94,8.46
218466 (Foil),7.49,7.22,6.0,9.48
218466 (Nonfoil),6.35,6.35,4.75,7.0
192698 (Nonfoil),3.42,3.55,2.5,5.0
192698 (Foil),,8.1,6.04,9.79
187210 (Nonfoil),1.8,1.83,0.59,1.85
187210 (Foil),3.34,3.46,2.11,3.75
211993 (Nonfoil),7.41,6.82,2.75,7.59
211993 (Foil),6.99,6.94,5.5,8.85
211994 (Foil),23.09,23.72,20.31,24.72
211994 (Nonfoil),8.49,7.0,5.29,8.74
192602 (Nonfoil),3.0,2.33,0.99,2.93
192602 (Foil),,4.27,2.78,4.67
145531 (Foil),,43.77,34.07,44.0
145531 (Nonfoil),,27.97,25.48,30.01
155797 (Foil),,15.04,17.25,19.99
155797 (Nonfoil),13.71,12.67,10.0,13.41
198764 (Foil),0.24,0.31,0.2,0.75
198764 (Nonfoil),0.19,0.25,0.1,0.46
5300 (Nonfoil),26.67,29.46,22.99,29.23
5300 (Foil),,,,
199296 (Nonfoil),2.68,2.54,1.89,2.73
199296 (Foil),4.21,5.58,3.99,6.08
66457 (Nonfoil),4.87,4.71,3.14,5.49
66457 (Foil),,17.89,12.0,17.54
182492 (Nonfoil),0.54,0.61,0.25,1.21
182492 (Foil),1.24,2.43,1.0,2.89
82189 (Nonfoil),10.45,11.21,9.0,11.77
82189 (Foil),,16.45,11.49,17.51
198425 (Foil),1.18,1.2,0.96,1.98
198425 (Nonfoil),,1.52,0.76,2.05
161521 (Foil),,51.8,44.98,52.2
161521 (Nonfoil),9.0,6.56,4.75,8.06
206007 (Nonfoil),3.94,3.28,2.25,4.49
206007 (Foil),,3.63,3.27,5.38
206009 (Nonfoil),3.8,3.88,2.49,4.9
206009 (Foil),,6.56,5.45,7.97
206189 (Nonfoil),1.1,1.11,0.79,1.46
206189 (Foil),1.64,1.37,0.95,1.99
175575 (Nonfoil),11.39,10.71,9.2,12.18
175575 (Foil),,25.28,23.75,28.48
82233 (Nonfoil),7.1,6.82,5.65,8.78
82233 (Foil),,45.09,33.43,38.65
208041 (Nonfoil),,1.76,1.13,2.63
208041 (Foil),3.49,3.02,1.58,3.0
214833 (Nonfoil),14.99,12.88,10.36,14.99
214833 (Foil),15.99,17.2,13.92,18.06
7428 (Nonfoil),,10.15,7.48,10.99
7428 (Foil),,86.85,101.44,149.0
176688 (Nonfoil),2.07,1.64,0.75,1.91
176688 (Foil),,4.21,2.99,4.5
182230 (Foil),,4.39,4.02,4.8
182230 (Nonfoil),3.11,2.96,1.19,2.96
218375 (Foil),7.0,7.03,4.2,8.06
218375 (Nonfoil),5.59,5.14,2.5,4.98
212038 (Foil),2.08,2.18,1.15,2.48
212038 (Nonfoil),1.9,1.62,0.37,2.14
212039 (Nonfoil),2.0,2.17,0.6,3.28
212039 (Foil),,12.64,8.99,14.58
212040 (Foil),17.48,18.71,15.5,21.81
212040 (Nonfoil),12.78,12.59,8.51,13.16
206896 (Foil),3.13,2.99,2.0,3.79
206896 (Nonfoil),2.14,1.65,0.73,2.31
206898 (Foil),1.93,2.5,1.48,2.99
206898 (Nonfoil),1.86,1.66,0.48,2.0
7449 (Nonfoil),11.99,13.05,10.99,14.0
7449 (Foil),,77.32,65.75,84.19
188643 (Foil),4.56,3.97,3.0,4.02
188643 (Nonfoil),2.05,1.85,0.8,1.87
176826 (Nonfoil),1.29,0.98,0.28,1.3
176826 (Foil),6.85,5.29,3.7,5.49
212116 (Foil),2.06,2.09,1.15,3.49
212116 (Nonfoil),1.42,1.68,0.75,1.99
212249 (Foil),9.86,10.66,9.4,11.43
212249 (Nonfoil),4.42,4.39,2.0,4.5
92297 (Nonfoil),,,,
92297 (Foil),5.36,5.26,3.38,6.5
194914 (Nonfoil),3.0,2.46,1.42,3.28
194914 (Foil),2.76,2.62,1.78,2.99
183354 (Nonfoil),0.65,0.56,0.15,1.0
183354 (Foil),2.73,2.88,2.6,3.45
118426 (Nonfoil),,20.59,15.0,22.39
118426 (Foil),,37.32,33.49,41.43
199024 (Nonfoil),0.5,0.48,0.1,0.59
199024 (Foil),0.94,0.7,0.28,1.05
199251 (Foil),5.39,5.94,5.0,7.01
199251 (Nonfoil),2.75,1.87,1.18,2.61
121531 (Nonfoil),,12.82,9.57,12.9
121531 (Foil),,27.21,23.0,29.44
176417 (Nonfoil),0.09,0.09,0.04,0.4
176417 (Foil),1.91,2.19,1.39,2.19
182826 (Foil),3.12,4.04,1.94,4.04
182826 (Nonfoil),0.5,0.6,0.19,1.11
188393 (Nonfoil),1.04,0.99,0.19,1.18
188393 (Foil),1.96,2.1,0.99,2.61
183182 (Nonfoil),1.36,1.49,0.43,1.56
183182 (Foil),,2.72,2.32,3.5
183308 (Foil),0.57,0.71,0.23,1.62
183308 (Nonfoil),,,,
198873 (Nonfoil),0.33,0.31,0.1,0.48
198873 (Foil),0.44,0.44,0.25,0.92
183309 (Nonfoil),,,,
183309 (Foil),,0.91,0.54,1.79
182950 (Foil),2.85,2.84,1.85,3.41
182950 (Nonfoil),0.86,0.96,0.45,1.48
31722 (Nonfoil),7.53,10.19,6.76,10.3
31722 (Foil),,39.99,27.99,40.95
96507 (Nonfoil),6.72,7.13,4.96,7.32
96507 (Foil),19.74,14.32,9.95,15.73
96467 (Nonfoil),28.99,16.6,12.0,15.94
96467 (Foil),,28.12,21.17,22.92
96503 (Nonfoil),1.78,2.18,1.0,2.5
96503 (Foil),12.3,20.12,13.0,18.49
207050 (Foil),1.02,1.35,0.57,1.55
207050 (Nonfoil),0.52,0.44,0.1,0.98
207062 (Nonfoil),,2.14,0.99,2.84
207062 (Foil),6.08,9.15,6.08,10.05
139811 (Foil),23.73,21.89,21.72,24.6
139811 (Nonfoil),,,,
212550 (Nonfoil),5.21,4.11,2.89,4.2
212550 (Foil),15.49,12.51,9.5,14.11
212551 (Nonfoil),2.07,2.11,0.77,1.99
212551 (Foil),2.4,2.53,1.25,2.43
155632 (Nonfoil),23.61,21.98,15.0,21.98
155632 (Foil),43.98,42.0,43.22,46.79
182410 (Nonfoil),0.75,0.68,0.18,0.9
182410 (Foil),1.99,1.73,0.98,2.08
212598 (Nonfoil),0.74,1.28,0.39,1.5
212598 (Foil),3.23,3.69,2.75,4.94
176440 (Foil),4.78,4.93,3.15,4.96
176440 (Nonfoil),2.25,1.9,1.4,2.54
107839 (Nonfoil),19.52,12.33,7.8,12.06
107839 (Foil),,,,
199026 (Nonfoil),2.49,2.33,0.99,2.48
199026 (Foil),3.42,2.61,2.3,3.7
199028 (Nonfoil),7.6,6.58,4.5,7.19
199028 (Foil),29.32,29.92,23.77,34.01
188323 (Nonfoil),0.8,0.81,0.15,1.1
188323 (Foil),4.27,4.19,3.0,4.61
212077 (Nonfoil),8.99,7.5,5.0,9.86
212077 (Foil),10.94,10.14,7.93,11.04
91107 (Nonfoil),,10.42,6.68,10.45
91107 (Foil),30.0,19.52,12.0,17.71
198413 (Foil),17.86,18.43,14.75,18.15
198413 (Nonfoil),6.33,6.32,3.5,7.0
198500 (Foil),,3.31,2.36,4.0
198500 (Nonfoil),2.2,2.27,1.0,2.78
212121 (Foil),3.93,4.38,3.49,5.49
212121 (Nonfoil),3.46,3.94,2.78,4.19
212250 (Nonfoil),7.69,7.07,5.29,7.49
212250 (Foil),18.17,18.18,15.0,19.11
212787 (Foil),,7.59,6.53,8.1
212787 (Nonfoil),4.73,4.58,2.16,3.9
142030 (Nonfoil),9.25,9.64,7.77,10.0
142030 (Foil),,37.16,24.49,37.39
27686 (Nonfoil),,12.74,10.0,12.99
27686 (Foil),,20.44,19.65,25.0
13871 (Nonfoil),20.51,21.35,20.0,22.74
13871 (Foil),51.99,59.36,50.39,58.59
120262 (Foil),11.96,14.37,7.0,15.99
120262 (Nonfoil),4.86,4.0,1.82,5.69
182363 (Nonfoil),0.5,0.46,0.16,0.94
182363 (Foil),,2.0,1.3,2.21
212018 (Nonfoil),1.47,1.33,0.5,1.5
212018 (Foil),,3.2,2.68,5.3
212020 (Nonfoil),0.39,0.35,0.16,0.58
212020 (Foil),,0.42,0.23,1.04
212253 (Nonfoil),4.15,4.27,2.99,5.0
212253 (Foil),5.98,5.78,1.5,7.45
182840 (Foil),,25.1,20.84,25.05
182840 (Nonfoil),13.98,11.47,6.5,13.99
212000 (Foil),1.42,1.47,0.78,2.45
212000 (Nonfoil),1.68,1.37,0.49,1.76
212001 (Foil),7.48,8.71,5.22,10.65
212001 (Nonfoil),1.79,1.66,0.58,2.0
212004 (Nonfoil),36.9,32.31,26.31,36.9
212004 (Foil),52.48,53.43,44.95,56.81
214837 (Foil),14.39,13.43,11.92,15.47
214837 (Nonfoil),10.9,10.35,8.0,11.27
192552 (Nonfoil),1.99,1.78,0.92,1.9
192552 (Foil),,5.49,4.13,6.89
212630 (Nonfoil),2.5,2.33,1.05,2.5
212630 (Foil),,3.75,3.0,5.49
46925 (Nonfoil),17.2,18.01,14.69,18.04
46925 (Foil),,,,
107871 (Nonfoil),19.98,20.35,14.97,21.95
107871 (Foil),,,,
121429 (Foil),,,,
121429 (Nonfoil),13.49,10.98,8.75,11.02
182951 (Nonfoil),2.88,2.88,2.19,4.0
182951 (Foil),,7.75,6.37,8.97
183178 (Foil),,2.48,1.0,3.0
183178 (Nonfoil),0.78,0.68,0.2,0.99
192696 (Nonfoil),1.41,1.37,0.75,2.25
192696 (Foil),,5.04,2.95,5.72
212623 (Nonfoil),5.23,4.83,3.99,5.99
212623 (Foil),6.6,6.04,5.27,8.0
206458 (Foil),9.92,11.8,8.5,10.69
206458 (Nonfoil),8.81,8.12,6.51,9.0
206459 (Nonfoil),7.46,7.74,6.25,8.58
206459 (Foil),15.3,14.63,12.3,15.0
176677 (Foil),3.49,4.57,3.0,4.89
176677 (Nonfoil),1.84,1.76,0.75,2.14
96518 (Nonfoil),4.93,5.37,3.82,7.35
96518 (Foil),26.22,29.56,24.0,29.76
198424 (Foil),5.15,5.17,3.88,5.93
198424 (Nonfoil),5.68,5.53,3.99,6.25
206855 (Nonfoil),20.51,18.16,14.81,18.99
206855 (Foil),23.0,22.58,20.99,23.49
206950 (Nonfoil),,28.91,24.0,29.0
206950 (Foil),,87.81,89.0,100.0
82204 (Nonfoil),5.32,3.73,2.75,6.34
82204 (Foil),,29.3,21.95,29.97
206654 (Nonfoil),2.31,2.31,0.85,2.59
206654 (Foil),6.91,6.32,4.3,7.26
192539 (Foil),,8.07,8.07,9.53
192539 (Nonfoil),3.25,2.78,1.25,2.78
176575 (Foil),,7.07,3.35,6.89
176575 (Nonfoil),1.76,1.68,0.86,2.21
31762 (Nonfoil),8.5,9.5,7.75,9.5
31762 (Foil),,9.57,8.67,11.35
212282 (Nonfoil),4.28,4.56,2.49,5.09
212282 (Foil),,5.85,4.45,6.5
212283 (Nonfoil),9.68,11.34,8.49,11.22
212283 (Foil),64.95,48.3,29.49,55.54
176424 (Foil),3.99,4.85,3.0,5.1
176424 (Nonfoil),1.71,1.92,0.93,2.14
107842 (Nonfoil),,4.94,4.2,6.09
107842 (Foil),,,,
139990 (Foil),,,,
139990 (Nonfoil),21.95,20.49,16.01,21.98
139787 (Nonfoil),,,,
139787 (Foil),18.71,16.13,12.0,16.72
176839 (Foil),12.74,6.33,6.05,7.0
176839 (Nonfoil),1.68,1.88,0.53,1.87
162139 (Nonfoil),8.66,7.02,4.5,9.27
162139 (Foil),22.78,34.01,21.75,32.0
212595 (Foil),2.85,2.94,2.24,3.59
212595 (Nonfoil),2.29,1.97,1.0,2.94
212635 (Foil),12.35,12.2,9.22,12.37
212635 (Nonfoil),2.45,1.84,1.4,3.6
212074 (Nonfoil),3.74,3.16,1.47,3.47
212074 (Foil),,3.49,2.73,4.1
212075 (Foil),16.75,16.53,13.55,17.08
212075 (Nonfoil),3.1,3.01,1.75,3.86
212076 (Nonfoil),19.99,18.33,15.99,19.83
212076 (Foil),19.94,24.5,19.94,31.41
188630 (Foil),14.19,14.18,12.9,15.78
188630 (Nonfoil),8.28,6.7,4.27,8.91
168740 (Nonfoil),23.99,22.19,18.04,23.52
168740 (Foil),,83.78,83.96,98.85
188514 (Nonfoil),2.53,2.33,0.99,3.22
188514 (Foil),,16.75,14.99,16.85
175582 (Nonfoil),1.3,1.41,0.49,1.86
175582 (Foil),6.97,11.06,6.5,11.06
212638 (Foil),,5.03,4.0,7.27
212638 (Nonfoil),1.93,1.61,0.65,1.75
139797 (Nonfoil),,,,
139797 (Foil),5.28,4.44,3.25,5.0
198721 (Nonfoil),,1.67,0.77,1.94
198721 (Foil),,1.46,0.5,2.05
198356 (Foil),,24.84,23.74,29.09
198356 (Nonfoil),18.91,17.0,14.0,19.17
198357 (Foil),130.99,111.78,120.19,154.5
198357 (Nonfoil),24.99,26.75,24.99,29.32
192611 (Nonfoil),14.0,14.53,11.15,14.95
192611 (Foil),,23.08,16.66,23.35
222372 (Nonfoil),0.4,0.44,0.25,1.3
222372 (Foil),,,,
198849 (Nonfoil),2.69,2.14,0.98,2.15
198849 (Foil),3.42,3.05,1.99,3.05
78965 (Nonfoil),13.01,8.59,6.0,8.84
78965 (Foil),,24.7,16.0,22.74
206691 (Nonfoil),2.61,1.82,0.78,2.37
206691 (Foil),,2.47,1.11,3.0
206798 (Nonfoil),7.42,7.42,4.83,7.88
206798 (Foil),19.99,20.07,19.85,20.91
182997 (Foil),12.89,11.91,11.15,14.66
182997 (Nonfoil),2.99,2.51,1.51,3.06
177436 (Foil),,,,
177436 (Nonfoil),14.02,13.25,10.25,12.75
121434 (Nonfoil),6.46,7.33,4.0,8.28
121434 (Foil),,154.35,122.57,158.75
215739 (Foil),,5.84,5.18,6.99
215739 (Nonfoil),12.0,6.85,1.99,3.82
48156 (Nonfoil),,,,
48156 (Foil),,7.46,5.7,7.75
182964 (Nonfoil),0.85,0.78,0.2,0.99
182964 (Foil),,2.94,1.78,3.99
175567 (Foil),1.28,1.07,0.46,1.45
175567 (Nonfoil),,,,
175199 (Foil),,3.21,2.5,3.56
175199 (Nonfoil),0.92,1.04,0.48,1.49
188346 (Foil),2.39,2.73,2.0,3.01
188346 (Nonfoil),1.37,1.28,0.18,1.35
124140 (Nonfoil),,,,
124140 (Foil),,17.75,12.45,18.05
218325 (Nonfoil),2.69,2.25,1.24,3.04
218325 (Foil),5.88,6.78,4.0,7.38
212132 (Nonfoil),2.53,3.36,1.85,3.75
212132 (Foil),4.29,3.75,2.75,4.51
212252 (Foil),18.68,24.27,13.5,25.0
212252 (Nonfoil),6.31,5.89,4.37,6.46
219581 (Nonfoil),6.48,6.13,4.69,7.47
219581 (Foil),11.19,12.11,10.15,13.24
188313 (Nonfoil),2.29,2.12,0.75,2.3
188313 (Foil),2.54,6.15,2.42,5.0
212600 (Foil),2.62,2.66,1.0,2.6
212600 (Nonfoil),2.4,2.31,0.95,2.2
14342 (Nonfoil),,9.66,6.25,9.45
14342 (Foil),,38.44,32.25,37.22
215917 (Foil),2.99,2.52,1.56,3.96
215917 (Nonfoil),,1.0,0.3,1.9
218832 (Nonfoil),3.0,3.46,2.0,4.86
218832 (Foil),7.15,7.93,6.06,8.44
182956 (Nonfoil),1.49,1.51,0.82,1.89
182956 (Foil),3.68,4.49,3.0,4.75
91188 (Nonfoil),9.09,7.09,6.23,11.05
91188 (Foil),,63.75,52.91,59.48
10956 (Nonfoil),,17.48,13.92,18.94
10956 (Foil),,71.35,60.99,75.58
5412 (Nonfoil),161.05,214.31,178.74,220.45
5412 (Foil),,,,
212023 (Nonfoil),1.18,1.02,0.29,1.45
212023 (Foil),1.12,1.13,0.8,1.99
212024 (Foil),5.5,4.86,4.34,6.93
212024 (Nonfoil),1.09,1.02,0.5,1.99
212027 (Nonfoil),7.69,8.71,5.98,9.2
212027 (Foil),8.48,9.13,6.0,10.58
212549 (Nonfoil),0.46,0.41,0.18,0.62
212549 (Foil),0.43,0.49,0.35,1.0
212633 (Nonfoil),1.99,1.93,0.7,2.23
212633 (Foil),5.99,6.25,5.75,8.04
57619 (Nonfoil),,5.89,3.75,6.64
57619 (Foil),,29.18,12.55,17.0
92838 (Nonfoil),2.17,3.11,1.49,3.5
92838 (Foil),11.49,10.24,4.71,8.13
187240 (Nonfoil),1.14,0.96,0.25,1.37
187240 (Foil),3.49,2.6,2.0,3.65
120286 (Foil),16.18,18.89,14.0,19.09
120286 (Nonfoil),4.17,4.56,2.26,6.0
212043 (Foil),1.59,1.74,1.25,2.5
212043 (Nonfoil),1.55,1.5,0.5,1.67
5930 (Nonfoil),17.11,24.31,15.99,25.83
5930 (Foil),,,,
7677 (Nonfoil),11.39,14.62,12.0,15.0
7677 (Foil),49.99,42.71,41.55,44.29
66459 (Nonfoil),4.65,4.64,2.49,6.13
66459 (Foil),10.93,15.16,10.25,13.97
222376 (Foil),,,,
222376 (Nonfoil),0.5,0.58,0.41,0.99
198426 (Foil),0.84,0.81,0.5,1.29
198426 (Nonfoil),,0.91,0.56,1.07
188490 (Foil),1.7,2.03,0.74,2.62
188490 (Nonfoil),0.66,0.79,0.2,1.03
162150 (Nonfoil),19.0,21.3,17.99,23.46
162150 (Foil),39.66,44.2,37.84,47.84
187194 (Nonfoil),9.57,9.76,7.46,11.14
187194 (Foil),21.99,22.4,17.21,22.78
39066 (Nonfoil),7.41,7.56,4.45,8.98
39066 (Foil),19.5,33.74,16.49,33.21
187130 (Foil),11.96,6.55,3.55,6.91
187130 (Nonfoil),,,,
190877 (Foil),99.98,58.98,48.99,67.0
190877 (Nonfoil),10.9,9.59,7.49,12.49
116229 (Nonfoil),4.51,4.02,2.32,5.01
116229 (Foil),,28.25,20.0,27.99
212208 (Foil),,,,
212208 (Nonfoil),2.75,2.64,1.12,3.31
198882 (Foil),3.73,4.81,3.49,5.63
198882 (Nonfoil),3.64,2.51,1.45,4.09
198991 (Nonfoil),6.97,6.34,4.39,8.48
198991 (Foil),18.16,22.02,12.0,22.18
135094 (Foil),27.62,58.65,27.5,40.49
135094 (Nonfoil),9.9,9.93,6.0,12.5
139800 (Foil),,11.15,9.0,12.3
139800 (Nonfoil),,,,
176941 (Nonfoil),1.0,0.99,0.85,1.54
176941 (Foil),2.99,2.72,2.0,3.21
176779 (Foil),13.51,15.61,11.99,14.95
176779 (Nonfoil),7.48,6.59,4.49,7.0
124661 (Nonfoil),,,,
124661 (Foil),38.72,40.22,29.5,39.36
176682 (Foil),3.03,3.54,2.5,3.59
176682 (Nonfoil),1.3,1.36,0.53,1.49
124011 (Foil),30.74,30.29,27.0,36.0
124011 (Nonfoil),,,,
175204 (Foil),,10.38,7.0,10.97
175204 (Nonfoil),4.37,4.47,2.0,5.0
176780 (Foil),1.85,3.34,1.85,3.38
176780 (Nonfoil),0.17,0.21,0.08,0.5
206836 (Nonfoil),33.99,33.43,31.68,40.26
206836 (Foil),45.0,44.51,44.25,48.09
206839 (Nonfoil),59.19,56.75,53.99,60.0
206839 (Foil),185.95,199.09,180.0,190.0
212014 (Foil),13.99,14.02,11.01,16.57
212014 (Nonfoil),9.3,10.22,8.0,10.86
212015 (Foil),7.78,7.67,4.5,8.49
212015 (Nonfoil),1.54,1.28,0.52,2.21
212016 (Nonfoil),1.1,1.08,0.42,1.49
212016 (Foil),1.24,1.16,0.74,1.8
58121 (Nonfoil),,6.5,,
58121 (Foil),,9.47,5.99,10.7
218923 (Foil),4.52,4.24,3.0,5.25
218923 (Nonfoil),3.99,3.67,2.25,4.39
124012 (Foil),18.64,17.14,12.0,20.3
124012 (Nonfoil),,,,
218334 (Nonfoil),2.09,1.84,1.08,2.5
218334 (Foil),3.2,3.39,2.2,4.64
176436 (Foil),6.26,9.46,6.26,10.49
176436 (Nonfoil),1.43,1.27,0.9,2.61
175565 (Nonfoil),,,,
175565 (Foil),,1.31,0.64,1.54
212793 (Nonfoil),2.49,1.92,0.89,1.99
212793 (Foil),4.55,4.43,3.93,5.23
212622 (Nonfoil),3.26,4.05,2.15,4.27
212622 (Foil),4.6,4.85,2.99,4.98
212796 (Nonfoil),8.24,8.79,6.0,9.0
212796 (Foil),31.81,23.92,20.96,24.0
222649 (Nonfoil),,51.74,59.0,61.0
222649 (Foil),,,,
78839 (Nonfoil),16.52,16.81,10.85,16.0
78839 (Foil),,39.26,31.0,40.95
192590 (Foil),,25.67,23.95,26.71
192590 (Nonfoil),10.45,9.59,7.78,9.62
212715 (Nonfoil),0.98,1.23,0.48,1.24
212715 (Foil),,1.27,0.5,1.93
212798 (Foil),,15.98,15.98,23.49
212798 (Nonfoil),4.97,4.28,3.0,4.7
155735 (Foil),54.28,59.04,52.0,58.96
155735 (Nonfoil),25.65,24.2,16.95,24.43
212601 (Foil),1.11,1.39,0.49,1.65
212601 (Nonfoil),0.99,0.85,0.16,0.99
212632 (Nonfoil),3.93,3.39,1.8,3.61
212632 (Foil),12.58,12.42,9.99,12.99
11608 (Nonfoil),29.32,26.64,25.0,34.89
11608 (Foil),,88.21,91.67,94.15
122709 (Foil),13.99,13.99,12.92,15.8
122709 (Nonfoil),6.58,7.09,3.75,7.08
222414 (Foil),,,,
222414 (Nonfoil),,26.8,26.0,29.89
100224 (Nonfoil),13.98,13.25,9.51,13.25
100224 (Foil),39.29,28.17,35.0,37.88
98508 (Nonfoil),6.23,5.06,4.99,6.79
98508 (Foil),9.21,7.83,8.0,10.87
34328 (Nonfoil),14.76,14.76,11.95,16.63
34328 (Foil),,43.34,22.99,41.31
5802 (Nonfoil),23.29,28.6,23.99,28.06
5802 (Foil),,,,
226694 (Foil),8.73,7.41,5.5,9.22
226694 (Nonfoil),,1.78,1.28,2.42
188711 (Nonfoil),,,,
188711 (Foil),7.93,8.28,6.25,8.98
128569 (Nonfoil),,2.11,1.69,3.35
128569 (Foil),,8.67,5.39,6.9
218861 (Nonfoil),6.25,6.29,6.1,8.72
218861 (Foil),8.2,9.69,7.25,10.0
107739 (Nonfoil),,14.35,11.11,15.5
107739 (Foil),,,,
214839 (Foil),33.44,33.32,29.0,35.99
214839 (Nonfoil),29.99,23.36,20.0,29.99
94403 (Nonfoil),,4.94,4.05,6.0
94403 (Foil),,,,
161358 (Foil),,47.67,48.0,62.99
161358 (Nonfoil),44.94,38.64,35.0,44.95
47530 (Nonfoil),,19.36,16.91,21.3
47530 (Foil),,,,
175591 (Nonfoil),8.95,7.13,4.5,8.11
175591 (Foil),10.76,11.68,10.76,13.25
215498 (Foil),35.93,31.83,27.99,35.93
215498 (Nonfoil),16.95,14.88,14.43,16.94
218811 (Nonfoil),37.49,34.5,32.43,38.99
218811 (Foil),42.25,42.68,40.19,48.47
14865 (Nonfoil),,27.29,21.99,27.84
14865 (Foil),,74.99,57.0,66.62
13230 (Nonfoil),35.48,31.78,29.68,34.99
13230 (Foil),,46.01,40.88,47.5
36850 (Nonfoil),3.05,4.62,3.39,5.94
36850 (Foil),,,,
15077 (Nonfoil),,8.21,7.0,8.69
15077 (Foil),,16.55,10.0,12.8
124129 (Nonfoil),,15.89,15.05,18.99
124129 (Foil),,,,
36312 (Nonfoil),14.2,12.96,10.0,13.45
36312 (Foil),,24.13,22.99,33.99
15089 (Nonfoil),,31.6,39.93,49.97
15089 (Foil),,45.89,75.0,81.12
212058 (Nonfoil),1.44,0.9,0.5,1.45
212058 (Foil),2.26,1.88,1.42,2.71
2515 (Nonfoil),,19.85,20.37,24.89
2515 (Foil),,,,
39123 (Nonfoil),11.01,9.5,8.45,10.7
39123 (Foil),23.69,23.79,22.0,23.88
11256 (Nonfoil),,8.8,7.0,9.33
11256 (Foil),,22.93,15.64,22.49
180769 (Nonfoil),8.98,6.77,5.9,8.56
180769 (Foil),10.21,13.28,9.49,12.5
132026 (Nonfoil),,5.66,4.4,5.99
132026 (Foil),,,,
38377 (Nonfoil),,,,
38377 (Foil),,19.66,17.9,22.52
119260 (Foil),138.99,91.21,85.76,96.5
119260 (Nonfoil),32.94,30.03,29.49,36.04
218293 (Foil),4.5,4.46,3.52,5.39
218293 (Nonfoil),2.09,2.2,1.25,3.03
218601 (Nonfoil),15.25,12.58,11.5,16.16
218601 (Foil),22.89,22.83,18.99,24.95
11306 (Nonfoil),,35.86,34.53,38.0
11306 (Foil),,52.14,42.0,60.5
28538 (Nonfoil),,4.6,3.25,5.06
28538 (Foil),14.98,11.97,10.41,12.6
14241 (Nonfoil),,23.45,18.01,21.72
14241 (Foil),,29.49,26.95,31.2
192551 (Foil),29.89,30.85,24.0,30.85
192551 (Nonfoil),5.37,5.4,2.99,5.49
57673 (Nonfoil),1.97,1.35,0.79,2.14
57673 (Foil),,12.73,10.5,13.04
11802 (Nonfoil),2.41,3.7,1.78,4.91
11802 (Foil),21.59,23.03,20.38,24.24
139786 (Nonfoil),,5.57,4.12,6.74
139786 (Foil),,,,
100305 (Nonfoil),4.67,4.05,2.24,5.14
100305 (Foil),,15.32,8.78,13.45
162254 (Foil),16.99,14.15,12.0,17.97
162254 (Nonfoil),9.5,9.46,7.0,10.64
216364 (Nonfoil),,10.62,9.93,11.47
216364 (Foil),,,,
104234 (Nonfoil),19.99,14.77,13.0,15.05
104234 (Foil),,,,
94132 (Nonfoil),,26.33,22.78,26.34
94132 (Foil),,,,
218279 (Foil),29.99,33.89,27.99,35.02
218279 (Nonfoil),25.99,22.01,22.0,28.0
162259 (Nonfoil),6.2,5.95,4.0,7.22
162259 (Foil),,12.58,10.5,15.99
188386 (Nonfoil),5.55,5.64,2.95,6.99
188386 (Foil),15.58,17.33,13.99,17.33
98506 (Nonfoil),,52.44,49.99,55.7
98506 (Foil),,60.62,55.5,68.99
110545 (Foil),,38.05,37.26,44.99
110545 (Nonfoil),13.8,12.55,9.5,12.6
11808 (Nonfoil),19.96,18.39,15.0,18.75
11808 (Foil),,40.94,44.99,59.97
6931 (Nonfoil),16.74,22.42,18.0,21.26
6931 (Foil),,,,
222744 (Nonfoil),,6.52,6.43,6.94
222744 (Foil),,,,
5615 (Nonfoil),9.19,9.37,6.74,9.98
5615 (Foil),,,,
1839 (Nonfoil),,44.06,40.04,45.1
1839 (Foil),,,,
2270 (Nonfoil),,4.89,3.94,5.64
2270 (Foil),,,,
6341 (Nonfoil),25.97,36.07,24.0,35.49
6341 (Foil),,189.41,189.69,277.99
219004 (Nonfoil),6.77,6.23,3.83,6.42
219004 (Foil),9.95,8.58,7.0,10.85
126350 (Nonfoil),8.2,9.06,5.4,8.83
126350 (Foil),13.0,13.35,13.0,14.39
6209 (Nonfoil),80.45,115.14,83.43,106.03
6209 (Foil),,524.49,539.99,579.47
11324 (Nonfoil),2.94,3.84,1.8,4.09
11324 (Foil),,19.34,13.8,17.99
190720 (Nonfoil),10.31,9.81,7.95,11.64
190720 (Foil),48.0,46.3,39.99,50.0
162125 (Nonfoil),19.25,17.08,14.99,20.94
162125 (Foil),58.99,40.76,40.26,47.19
218602 (Foil),37.38,37.47,31.0,42.89
218602 (Nonfoil),29.99,29.24,28.0,34.22
222755 (Foil),,,,
222755 (Nonfoil),,17.3,17.96,18.94
167964 (Nonfoil),24.49,21.2,17.34,24.99
167964 (Foil),,46.23,41.77,52.07
192786 (Foil),4.5,5.33,4.26,6.75
192786 (Nonfoil),3.89,2.94,2.13,3.49
36519 (Nonfoil),,9.49,7.5,9.34
36519 (Foil),,15.61,13.59,18.99
6076 (Nonfoil),46.06,65.77,40.0,64.96
6076 (Foil),,,,
206648 (Foil),3.94,3.96,2.4,4.11
206648 (Nonfoil),3.58,3.01,1.0,3.32
206749 (Nonfoil),7.52,6.33,4.63,8.1
206749 (Foil),21.15,21.15,17.99,24.29
122664 (Nonfoil),9.22,9.71,6.36,9.96
122664 (Foil),14.99,15.1,10.0,16.25
94425 (Nonfoil),,11.45,6.64,10.96
94425 (Foil),,,,
180774 (Foil),,48.74,49.99,55.75
180774 (Nonfoil),39.99,38.16,36.56,39.99
5170 (Nonfoil),56.99,54.48,45.1,59.97
5170 (Foil),,,,
100270 (Nonfoil),,5.5,3.25,6.33
100270 (Foil),,14.2,9.75,13.73
139820 (Foil),13.39,17.58,9.2,18.0
139820 (Nonfoil),,,,
170781 (Nonfoil),12.45,12.13,9.95,14.65
170781 (Foil),,,,
226839 (Nonfoil),,6.61,5.59,8.88
226839 (Foil),7.57,7.12,6.36,10.23
166927 (Nonfoil),,13.79,11.5,14.94
166927 (Foil),,,,
94431 (Nonfoil),18.0,18.58,15.69,19.74
94431 (Foil),,,,
216206 (Nonfoil),,4.88,3.0,4.84
216206 (Foil),,,,
12160 (Nonfoil),43.98,42.96,35.96,45.17
12160 (Foil),,113.53,66.95,73.22
206978 (Nonfoil),8.67,7.22,4.5,7.27
206978 (Foil),9.4,9.15,7.04,9.49
207064 (Nonfoil),13.67,12.12,10.98,13.62
207064 (Foil),,34.93,34.6,37.08
215500 (Nonfoil),2.49,1.85,0.79,2.66
215500 (Foil),6.97,4.89,3.94,6.99
198996 (Foil),,5.83,4.27,6.99
198996 (Nonfoil),1.98,1.54,0.78,1.9
4410 (Nonfoil),16.49,16.29,13.04,17.52
4410 (Foil),,,,
226687 (Foil),,5.75,3.5,9.74
226687 (Nonfoil),,3.97,3.0,5.9
5751 (Nonfoil),16.14,16.79,13.69,18.4
5751 (Foil),,,,
192636 (Nonfoil),1.47,1.49,0.88,1.99
192636 (Foil),2.4,2.88,1.7,3.01
199257 (Foil),6.14,4.92,4.0,5.55
199257 (Nonfoil),5.67,4.35,2.99,5.0
219005 (Nonfoil),10.94,10.97,8.0,11.0
219005 (Foil),11.99,13.82,10.48,14.55
218926 (Nonfoil),41.49,34.6,30.0,43.99
218926 (Foil),48.72,50.65,43.99,51.47
218611 (Foil),43.98,45.83,39.99,49.55
218611 (Nonfoil),38.95,36.1,30.0,42.5
219012 (Nonfoil),19.46,18.59,15.16,20.14
219012 (Foil),,19.36,17.0,21.99
191049 (Nonfoil),8.73,8.53,7.45,9.94
191049 (Foil),32.98,31.18,27.77,33.03
191050 (Nonfoil),15.84,15.38,14.0,17.98
191050 (Foil),,37.81,31.76,42.96
218275 (Nonfoil),11.0,10.06,8.0,11.93
218275 (Foil),14.68,12.29,11.24,15.0
5941 (Nonfoil),4.72,5.41,4.2,7.09
5941 (Foil),,,,
91253 (Nonfoil),16.34,17.22,16.34,23.75
91253 (Foil),38.41,42.61,37.25,49.58
155586 (Nonfoil),21.59,22.17,18.4,24.0
155586 (Foil),,30.92,28.0,36.18
212302 (Foil),7.4,7.4,5.0,7.42
212302 (Nonfoil),6.28,6.28,4.75,6.3
212304 (Nonfoil),10.0,9.24,6.95,9.52
212304 (Foil),17.51,16.63,14.99,19.99
15653 (Nonfoil),,18.5,16.5,19.0
15653 (Foil),,78.57,68.0,75.44
18079 (Nonfoil),10.39,9.28,6.5,10.26
18079 (Foil),23.99,24.88,19.25,24.25
226888 (Nonfoil),1.1,1.09,0.48,1.75
226888 (Foil),,1.76,0.95,5.84
110905 (Foil),17.94,19.7,14.99,19.73
110905 (Nonfoil),3.2,4.36,2.74,5.86
72308 (Nonfoil),,12.43,11.5,12.86
72308 (Foil),,,,
222557 (Foil),,,,
222557 (Nonfoil),,37.94,27.95,39.97
218573 (Nonfoil),10.1,10.19,8.99,13.1
218573 (Foil),15.09,15.92,14.0,18.27
188862 (Foil),9.99,11.6,8.93,11.79
188862 (Nonfoil),3.43,3.3,2.0,3.45
215338 (Nonfoil),19.16,18.9,17.61,22.39
215338 (Foil),,21.56,17.74,24.05
215339 (Foil),49.87,48.89,39.99,54.46
215339 (Nonfoil),24.95,25.06,19.87,27.21
215340 (Nonfoil),26.25,22.81,20.99,29.32
215340 (Foil),,62.23,52.0,67.84
104285 (Nonfoil),43.67,43.55,39.99,45.64
104285 (Foil),,119.02,103.99,120.0
179454 (Foil),49.99,52.15,49.39,53.3
179454 (Nonfoil),49.98,42.63,41.49,43.07
121181 (Nonfoil),,,,
121181 (Foil),,14.37,12.4,14.72
6267 (Nonfoil),,21.82,18.97,21.4
6267 (Foil),,87.48,74.95,98.87
83215 (Nonfoil),,27.59,25.0,32.79
83215 (Foil),,49.85,48.35,51.26
11768 (Nonfoil),5.45,6.6,4.19,6.95
11768 (Foil),11.36,11.42,10.86,12.81
126443 (Foil),19.98,41.87,17.76,27.1
126443 (Nonfoil),9.49,8.39,7.23,10.24
2003 (Nonfoil),8.7,8.19,6.0,8.7
2003 (Foil),,,,
218392 (Foil),18.91,18.92,18.0,20.58
218392 (Nonfoil),,14.35,13.5,17.72
1 (Nonfoil),,,,
66473 (Nonfoil),19.28,16.9,13.44,19.84
66473 (Foil),30.61,60.92,21.73,42.87
6898 (Nonfoil),11.14,13.02,9.0,14.99
6898 (Foil),,,,
58268 (Nonfoil),,13.22,11.0,13.68
58268 (Foil),,29.14,29.0,31.92
166695 (Nonfoil),10.99,9.49,6.75,9.68
166695 (Foil),,,,
92302 (Nonfoil),,,,
92302 (Foil),,6.09,4.76,6.6
14986 (Nonfoil),,98.52,78.99,91.98
14986 (Foil),,232.06,234.37,254.77
12167 (Nonfoil),,11.61,7.5,11.3
12167 (Foil),,30.97,22.48,28.7
1938 (Nonfoil),12.77,13.78,10.99,15.18
1938 (Foil),,,,
142039 (Foil),,4.71,4.0,5.27
142039 (Nonfoil),3.45,3.43,2.19,3.91
12310 (Nonfoil),,16.47,15.17,20.57
12310 (Foil),,30.74,31.0,34.9
4480 (Nonfoil),27.99,17.87,10.64,20.75
4480 (Foil),,,,
139934 (Foil),,,,
139934 (Nonfoil),,10.27,7.35,10.78
11793 (Nonfoil),,26.76,20.5,25.49
11793 (Foil),,35.45,36.16,62.39
5576 (Nonfoil),12.99,17.0,13.01,18.0
5576 (Foil),,,,
218887 (Nonfoil),10.91,9.82,7.99,10.45
218887 (Foil),13.5,13.46,11.97,14.98
67350 (Nonfoil),7.42,6.69,4.49,6.64
67350 (Foil),,10.76,8.99,10.75
12075 (Nonfoil),,9.85,7.0,9.52
12075 (Foil),,13.08,12.0,13.99
218329 (Nonfoil),12.99,12.35,9.45,13.49
218329 (Foil),,12.23,11.98,13.99
5455 (Nonfoil),34.59,49.76,37.34,53.75
5455 (Foil),,,,
216591 (Nonfoil),8.19,4.34,3.22,5.81
216591 (Foil),,,,
5632 (Nonfoil),25.31,28.62,22.94,28.0
5632 (Foil),,,,
39555 (Nonfoil),10.49,9.84,6.25,9.79
39555 (Foil),75.0,41.05,41.64,77.21
46952 (Nonfoil),,21.65,21.0,23.92
46952 (Foil),,,,
216588 (Foil),,,,
216588 (Nonfoil),,20.9,16.0,24.21
198435 (Nonfoil),5.7,5.03,3.3,5.05
198435 (Foil),,,,
212002 (Nonfoil),,10.12,9.22,13.39
212002 (Foil),,22.03,17.94,22.84
215592 (Nonfoil),,3.68,2.35,4.12
215592 (Foil),5.89,7.69,3.79,7.91
212078 (Foil),32.93,33.09,29.14,36.69
212078 (Nonfoil),10.97,11.21,9.98,14.82
212631 (Nonfoil),5.99,4.21,2.99,4.45
212631 (Foil),13.49,11.97,12.34,14.0
215402 (Nonfoil),,,,
215402 (Foil),7.99,7.61,3.79,8.05
180836 (Foil),8.3,8.21,4.49,8.4
180836 (Nonfoil),3.19,2.81,1.98,3.77
212319 (Foil),,,,
212319 (Nonfoil),,1.52,0.78,2.45
218810 (Foil),3.39,2.22,1.67,3.54
218810 (Nonfoil),2.89,2.05,0.94,2.9
218464 (Nonfoil),1.49,1.63,0.35,1.7
218464 (Foil),2.15,1.79,1.2,3.0
10394 (Nonfoil),1.04,4.47,1.0,4.0
10394 (Foil),,19.12,12.95,19.45
10910 (Nonfoil),3.75,6.77,3.73,5.99
10910 (Foil),,31.5,24.5,27.52
214835 (Foil),,108.89,94.99,123.93
214835 (Nonfoil),89.97,84.13,79.99,91.46
215598 (Foil),,2.94,2.47,3.5
215598 (Nonfoil),1.48,1.48,1.0,2.09
215485 (Nonfoil),6.36,6.54,5.87,7.21
215485 (Foil),,19.34,17.93,20.0
215742 (Nonfoil),24.95,22.54,19.36,24.0
215742 (Foil),,41.31,36.99,43.95
215499 (Nonfoil),,3.8,2.64,3.68
215499 (Foil),7.96,6.45,6.29,7.36
199415 (Nonfoil),0.98,0.97,0.2,1.49
199415 (Foil),2.62,2.94,1.68,3.09
27235 (Nonfoil),10.19,11.07,9.4,11.62
27235 (Foil),,24.06,17.99,23.1
105007 (Nonfoil),10.94,7.74,5.5,8.97
105007 (Foil),13.63,19.47,13.63,19.95
142034 (Nonfoil),7.12,7.21,3.99,8.99
142034 (Foil),15.49,12.66,10.79,15.0
11564 (Nonfoil),8.4,8.55,5.15,9.42
11564 (Foil),,45.53,29.0,31.18
4167 (Nonfoil),27.63,39.79,31.99,41.54
4167 (Foil),,,,
66331 (Nonfoil),6.48,5.28,2.75,6.49
66331 (Foil),,,,
121174 (Foil),,8.29,7.13,9.42
121174 (Nonfoil),,,,
139792 (Foil),,,,
139792 (Nonfoil),,10.53,7.87,10.94
58185 (Nonfoil),7.8,9.27,7.0,9.27
58185 (Foil),,25.41,11.99,22.76
10263 (Nonfoil),,10.85,8.0,10.0
10263 (Foil),142.94,97.99,124.75,156.19
191343 (Foil),44.4,48.32,43.85,48.0
191343 (Nonfoil),7.51,7.78,6.0,9.91
5593 (Nonfoil),114.0,124.33,105.01,134.97
5593 (Foil),,,,
14954 (Nonfoil),30.64,27.21,29.99,34.45
14954 (Foil),,89.96,77.66,95.99
129778 (Nonfoil),4.0,3.52,2.18,5.53
129778 (Foil),9.17,15.91,8.99,15.91
18655 (Nonfoil),,40.09,31.99,40.05
18655 (Foil),,71.96,65.06,84.59
6081 (Nonfoil),12.18,18.84,14.05,20.72
6081 (Foil),,,,
6792 (Nonfoil),13.83,13.34,10.0,14.5
6792 (Foil),,,,
10195 (Nonfoil),5.0,8.55,4.01,9.12
10195 (Foil),,29.49,33.94,36.71
6370 (Nonfoil),16.8,18.67,15.0,23.0
6370 (Foil),,106.69,175.0,199.99
215681 (Foil),,0.49,0.28,0.82
215681 (Nonfoil),0.39,0.37,0.18,0.5
199428 (Nonfoil),5.6,5.55,4.48,6.3
199428 (Foil),6.0,8.5,6.0,10.18
192605 (Foil),1.47,2.91,0.94,2.84
192605 (Nonfoil),0.24,0.2,0.15,0.71
215546 (Nonfoil),0.32,0.29,0.1,0.5
215546 (Foil),0.34,0.41,0.2,0.87
192608 (Foil),0.67,1.44,0.31,1.84
192608 (Nonfoil),0.25,0.24,0.09,0.66
192607 (Foil),,1.68,0.67,2.01
192607 (Nonfoil),0.49,0.48,0.2,0.93
192609 (Nonfoil),0.25,0.25,0.15,0.6
192609 (Foil),0.62,1.4,0.6,1.48
215372 (Nonfoil),2.58,2.19,0.99,2.52
215372 (Foil),,1.92,1.76,3.48
215501 (Nonfoil),2.54,1.86,0.61,2.22
215501 (Foil),,2.27,1.48,3.14
215503 (Foil),,0.33,0.2,0.51
215503 (Nonfoil),0.35,0.36,0.02,0.49
215511 (Nonfoil),0.35,0.32,0.04,0.57
215511 (Foil),0.34,0.34,0.2,0.99
215674 (Foil),0.37,0.36,0.18,0.54
215674 (Nonfoil),0.39,0.34,0.08,0.43
215551 (Nonfoil),0.19,0.18,0.07,0.4
215551 (Foil),0.23,0.24,0.1,0.5
215326 (Nonfoil),6.99,6.78,5.1,6.7
215326 (Foil),7.18,7.13,5.49,7.46
215700 (Foil),0.28,0.3,0.19,0.75
215700 (Nonfoil),0.23,0.23,0.08,0.4
215450 (Nonfoil),0.21,0.26,0.1,0.49
215450 (Foil),0.25,0.41,0.1,0.65
215347 (Nonfoil),0.07,0.26,0.05,0.46
215347 (Foil),0.3,0.38,0.14,0.65
215680 (Foil),1.23,0.69,0.4,1.25
215680 (Nonfoil),1.3,1.14,0.18,1.06
215711 (Nonfoil),0.25,0.33,0.1,0.5
215711 (Foil),0.48,0.48,0.25,0.86
215672 (Nonfoil),1.75,1.68,0.25,1.99
215672 (Foil),2.29,1.46,1.0,2.65
215728 (Foil),0.73,0.73,0.3,0.92
215728 (Nonfoil),0.59,0.58,0.17,0.59
215538 (Foil),0.16,0.16,0.02,0.5
215538 (Nonfoil),0.11,0.12,0.01,0.3
215540 (Foil),,0.52,0.2,0.85
215540 (Nonfoil),0.32,0.31,0.1,0.55
215701 (Foil),0.21,0.26,0.1,0.5
215701 (Nonfoil),0.17,0.14,0.04,0.35
215582 (Foil),1.66,2.17,0.88,2.46
215582 (Nonfoil),2.0,1.24,0.5,2.0
215698 (Foil),,1.7,1.0,2.36
215698 (Nonfoil),1.94,1.66,0.75,1.95
215349 (Foil),,14.25,11.5,15.75
215349 (Nonfoil),13.0,11.25,7.75,14.6
215368 (Foil),1.8,1.67,0.93,1.83
215368 (Nonfoil),1.74,1.58,0.5,1.5
215731 (Foil),,0.28,0.04,0.62
215731 (Nonfoil),0.28,0.28,0.05,0.45
215341 (Foil),,12.81,11.48,14.99
215341 (Nonfoil),12.61,11.6,9.75,12.99
215693 (Nonfoil),0.33,0.3,0.06,0.49
215693 (Foil),0.4,0.41,0.17,0.62
215665 (Nonfoil),0.14,0.16,0.05,0.35
215665 (Foil),0.14,0.22,0.14,0.59
215353 (Nonfoil),2.98,3.78,1.99,4.81
215353 (Foil),3.98,4.11,3.6,5.56
215648 (Nonfoil),0.26,0.25,0.02,0.48
215648 (Foil),0.3,0.33,0.12,0.59
215470 (Foil),0.2,0.26,0.09,0.5
215470 (Nonfoil),0.16,0.26,0.03,0.39
215373 (Nonfoil),0.5,0.52,0.09,0.54
215373 (Foil),0.99,0.86,0.29,0.99
215608 (Foil),3.95,3.2,1.54,3.85
215608 (Nonfoil),3.5,2.82,0.5,3.35
215384 (Nonfoil),2.94,2.87,1.48,3.08
215384 (Foil),3.32,2.71,1.25,3.49
215657 (Foil),,1.22,0.3,1.45
215657 (Nonfoil),1.36,1.14,0.29,1.09
215583 (Foil),1.48,1.47,0.8,2.0
215583 (Nonfoil),1.35,1.27,0.43,1.6
215584 (Foil),,0.66,0.06,1.12
215584 (Nonfoil),0.69,0.66,0.2,0.9
215603 (Nonfoil),1.13,0.94,0.3,1.5
215603 (Foil),1.32,1.13,0.5,2.0
215329 (Foil),0.61,0.7,0.45,0.99
215329 (Nonfoil),0.49,0.49,0.1,0.55
215573 (Nonfoil),12.36,11.0,7.3,10.5
215573 (Foil),,10.94,8.49,11.99
215449 (Nonfoil),0.46,0.45,0.12,0.5
215449 (Foil),,0.47,0.2,0.98
215664 (Foil),0.25,0.27,0.13,0.5
215664 (Nonfoil),0.19,0.2,0.09,0.4
215673 (Foil),,14.44,12.49,15.86
215673 (Nonfoil),15.49,13.55,10.38,13.49
215571 (Nonfoil),0.21,0.22,0.01,0.37
215571 (Foil),0.22,0.22,0.09,0.5
215589 (Foil),0.15,0.19,0.07,0.49
215589 (Nonfoil),0.11,0.1,0.01,0.3
215477 (Foil),13.86,14.46,10.56,15.09
215477 (Nonfoil),11.95,13.6,8.0,14.31
215627 (Nonfoil),0.49,0.46,0.05,0.5
215627 (Foil),,0.44,0.29,0.75
215609 (Foil),2.29,2.25,1.35,2.72
215609 (Nonfoil),1.83,1.76,0.49,2.5
215616 (Nonfoil),0.25,0.31,0.1,0.49
215616 (Foil),0.36,0.34,0.25,0.75
215534 (Nonfoil),0.23,0.2,0.1,0.81
215534 (Foil),0.29,0.62,0.29,1.0
215456 (Nonfoil),0.33,0.32,0.1,0.48
215456 (Foil),,0.33,0.18,0.5
124618 (Nonfoil),0.86,0.97,0.5,2.45
124618 (Foil),,,,
215667 (Foil),0.2,0.23,0.1,0.55
215667 (Nonfoil),0.1,0.17,0.03,0.35
215671 (Foil),,0.29,0.15,0.59
215671 (Nonfoil),0.21,0.22,0.06,0.4
215697 (Nonfoil),1.25,1.19,0.23,1.15
215697 (Foil),1.36,1.24,0.45,1.46
215706 (Nonfoil),0.29,0.27,0.1,0.5
215706 (Foil),,0.39,0.15,0.94
215443 (Nonfoil),10.89,10.39,8.5,10.99
215443 (Foil),13.82,11.9,10.0,12.84
215519 (Foil),,1.38,0.66,1.38
215519 (Nonfoil),1.99,1.76,0.24,1.61
215510 (Nonfoil),1.3,1.1,0.45,1.41
215510 (Foil),1.36,1.4,0.76,2.0
215362 (Foil),0.2,0.25,0.1,0.62
215362 (Nonfoil),0.15,0.17,0.05,0.46
221948 (Nonfoil),3.76,3.27,1.95,3.5
221948 (Foil),3.96,3.17,2.5,3.96
221969 (Foil),0.95,0.84,0.4,1.14
221969 (Nonfoil),0.95,0.85,0.1,0.96
221858 (Nonfoil),0.2,0.17,0.03,0.35
221858 (Foil),0.2,0.19,0.06,0.5
221952 (Nonfoil),5.35,4.64,2.99,4.8
221952 (Foil),5.0,4.45,3.0,5.36
222139 (Nonfoil),1.6,1.15,0.47,1.5
222139 (Foil),1.58,1.02,0.3,1.84
221850 (Foil),0.36,0.38,0.15,0.77
221850 (Nonfoil),0.34,0.31,0.09,0.5
222055 (Foil),0.75,0.56,0.2,0.95
222055 (Nonfoil),0.75,0.65,0.15,0.75
221903 (Nonfoil),0.54,0.56,0.08,0.63
221903 (Foil),,0.44,0.18,0.86
222124 (Foil),,0.43,0.35,0.8
222124 (Nonfoil),0.45,0.4,0.15,0.55
221860 (Nonfoil),6.99,6.39,5.0,7.52
221860 (Foil),,7.02,4.99,8.0
222125 (Foil),0.11,0.13,0.08,0.49
222125 (Nonfoil),0.17,0.16,0.03,0.34
221800 (Foil),,0.44,0.25,1.0
221800 (Nonfoil),0.46,0.43,0.08,0.83
222190 (Nonfoil),0.23,0.21,0.08,0.49
222190 (Foil),0.25,0.22,0.1,0.67
221854 (Nonfoil),0.57,0.53,0.1,0.87
221854 (Foil),0.51,0.53,0.2,1.1
221921 (Foil),0.14,0.14,0.05,0.49
221921 (Nonfoil),0.17,0.12,0.03,0.31
222161 (Nonfoil),2.25,1.63,0.99,2.09
222161 (Foil),,1.9,1.0,2.02
222114 (Nonfoil),0.2,0.19,0.05,0.4
222114 (Foil),,0.17,0.14,0.5
221449 (Nonfoil),1.98,1.65,0.73,2.88
221449 (Foil),,1.46,0.98,3.49
222115 (Foil),1.45,1.12,0.49,1.75
222115 (Nonfoil),1.29,1.23,0.2,1.5
222147 (Nonfoil),0.09,0.08,0.02,0.3
222147 (Foil),0.12,0.12,0.05,0.49
222183 (Foil),0.1,0.13,0.02,0.5
222183 (Nonfoil),0.15,0.16,0.05,0.3
222038 (Foil),7.72,7.55,5.49,8.36
222038 (Nonfoil),7.72,7.46,4.99,7.55
221935 (Foil),2.98,3.03,2.0,3.76
221935 (Nonfoil),2.95,2.55,1.69,3.9
222014 (Nonfoil),2.45,1.69,0.5,2.49
222014 (Foil),2.45,2.11,0.99,2.68
222163 (Nonfoil),16.0,13.27,12.49,16.02
222163 (Foil),15.03,14.45,12.75,16.12
221789 (Foil),,0.15,0.05,0.5
221789 (Nonfoil),0.2,0.18,0.05,0.35
221786 (Nonfoil),2.55,1.67,0.9,2.62
221786 (Foil),2.65,2.0,1.05,3.0
222096 (Nonfoil),0.97,0.83,0.1,0.99
222096 (Foil),0.98,0.73,0.3,1.14
222016 (Foil),0.24,0.18,0.1,0.5
222016 (Nonfoil),0.2,0.2,0.05,0.36
221895 (Nonfoil),2.95,1.69,0.9,3.29
221895 (Foil),2.66,1.78,1.0,3.62
222171 (Foil),,0.45,0.2,0.99
222171 (Nonfoil),0.59,0.55,0.09,0.85
222085 (Nonfoil),9.99,9.29,6.75,10.94
222085 (Foil),10.01,10.29,7.99,11.99
222137 (Foil),0.13,0.13,0.07,0.5
222137 (Nonfoil),0.14,0.14,0.01,0.35
222127 (Nonfoil),0.25,0.25,0.05,0.5
222127 (Foil),0.22,0.2,0.08,0.59
221926 (Nonfoil),0.36,0.32,0.1,0.5
221926 (Foil),,0.33,0.1,0.75
221907 (Nonfoil),0.35,0.33,0.08,0.5
221907 (Foil),0.25,0.26,0.12,0.65
222036 (Foil),0.26,0.22,0.15,0.59
222036 (Nonfoil),0.25,0.19,0.04,0.39
222066 (Nonfoil),4.75,4.1,2.5,5.0
222066 (Foil),3.87,4.02,3.49,6.51
222062 (Foil),0.61,0.52,0.26,1.19
222062 (Nonfoil),0.65,0.62,0.28,1.0
222050 (Foil),6.56,4.8,2.99,6.88
222050 (Nonfoil),5.45,4.66,3.0,6.5
222093 (Foil),0.25,0.25,0.12,0.5
222093 (Nonfoil),0.25,0.21,0.08,0.44
221958 (Nonfoil),0.24,0.28,0.05,0.34
221958 (Foil),0.22,0.19,0.1,0.5
221923 (Nonfoil),0.29,0.25,0.07,0.42
221923 (Foil),0.3,0.25,0.12,0.62
222193 (Foil),0.18,0.15,0.05,0.49
222193 (Nonfoil),0.16,0.16,0.03,0.31
222030 (Nonfoil),7.99,6.33,4.75,7.46
222030 (Foil),7.23,7.23,5.72,7.98
221774 (Foil),,2.35,1.36,2.82
221774 (Nonfoil),3.05,2.54,0.95,2.78
222019 (Nonfoil),0.85,0.75,0.04,0.88
222019 (Foil),,0.43,0.18,1.0
222122 (Nonfoil),0.08,0.12,0.03,0.45
222122 (Foil),0.15,0.17,0.13,0.5
222167 (Foil),14.95,13.62,10.39,16.29
222167 (Nonfoil),14.77,11.69,10.39,14.99
221884 (Foil),8.45,7.66,5.98,9.6
221884 (Nonfoil),7.94,6.49,5.0,8.95
222026 (Foil),0.19,0.19,0.05,0.5
222026 (Nonfoil),0.17,0.16,0.04,0.31
222042 (Foil),,0.33,0.15,0.75
222042 (Nonfoil),0.48,0.43,0.15,0.5
222154 (Nonfoil),0.56,0.52,0.15,0.71
222154 (Foil),0.6,0.35,0.09,0.96
221778 (Nonfoil),2.54,2.09,1.24,3.99
221778 (Foil),3.12,2.53,1.64,4.4
222133 (Foil),0.25,0.23,0.12,0.5
222133 (Nonfoil),0.24,0.24,0.05,0.4
222131 (Foil),2.08,1.87,1.1,2.99
222131 (Nonfoil),2.25,1.93,0.85,2.49
221897 (Foil),0.23,0.21,0.15,0.5
221897 (Nonfoil),0.2,0.21,0.05,0.4
221790 (Nonfoil),0.19,0.19,0.05,0.4
221790 (Foil),0.24,0.18,0.09,0.54
222409 (Foil),8.58,8.37,7.2,9.49
222409 (Nonfoil),9.23,8.08,6.98,9.48
222107 (Nonfoil),0.32,0.31,0.1,0.44
222107 (Foil),0.35,0.29,0.15,0.7
222129 (Foil),,0.33,0.1,0.69
222129 (Nonfoil),0.3,0.26,0.13,0.5
221891 (Foil),0.19,0.18,0.1,0.5
221891 (Nonfoil),0.19,0.18,0.1,0.35
221777 (Nonfoil),0.15,0.16,0.05,0.46
221777 (Foil),0.25,0.36,0.1,0.57
221452 (Nonfoil),1.95,1.96,0.67,2.25
221452 (Foil),2.25,1.71,0.99,3.0
221780 (Foil),3.06,3.16,2.54,4.54
221780 (Nonfoil),2.7,2.52,1.2,4.5
221779 (Foil),8.22,9.28,7.23,11.76
221779 (Nonfoil),8.94,7.94,6.75,10.49
221867 (Nonfoil),0.22,0.22,0.1,0.37
221867 (Foil),0.24,0.24,0.1,0.54
222046 (Nonfoil),0.6,0.56,0.1,0.74
222046 (Foil),0.6,0.59,0.13,0.91
222196 (Foil),0.19,0.2,0.06,0.5
222196 (Nonfoil),0.17,0.19,0.04,0.35
222023 (Nonfoil),0.5,0.46,0.15,0.59
222023 (Foil),0.5,0.41,0.24,0.99
221951 (Nonfoil),0.25,0.24,0.06,0.5
221951 (Foil),0.26,0.23,0.1,0.92
221868 (Foil),0.7,0.56,0.14,1.06
221868 (Nonfoil),0.7,0.58,0.1,0.99
222095 (Nonfoil),6.49,5.07,3.99,7.38
222095 (Foil),6.38,6.55,5.59,8.21
222110 (Nonfoil),13.41,11.37,6.36,13.49
222110 (Foil),13.25,12.42,9.0,15.0
222180 (Nonfoil),0.19,0.18,0.05,0.39
222180 (Foil),0.19,0.19,0.08,0.54
222111 (Nonfoil),1.95,1.65,0.4,1.94
222111 (Foil),1.68,1.68,0.8,2.01
221872 (Nonfoil),1.79,1.94,1.0,3.07
221872 (Foil),,4.29,4.0,6.67
221817 (Foil),2.04,2.03,1.29,3.51
221817 (Nonfoil),3.07,2.61,1.29,3.15
221832 (Nonfoil),4.29,2.96,2.0,4.69
221832 (Foil),7.36,7.16,5.99,9.88
221847 (Nonfoil),2.9,2.33,1.6,3.34
221847 (Foil),4.89,4.96,3.85,7.01
221959 (Nonfoil),0.34,0.34,0.1,0.5
221959 (Foil),0.31,0.32,0.25,0.92
221838 (Foil),,1.73,1.25,3.0
221838 (Nonfoil),2.07,1.79,0.9,2.88
221822 (Foil),3.44,2.87,2.0,3.99
221822 (Nonfoil),3.46,2.52,1.91,4.0
222199 (Nonfoil),0.15,0.17,0.05,0.35
222199 (Foil),0.11,0.13,0.06,0.5
